,acchr,dayofweek,accmon,accday,num
3486,22,1,1,16,1
3487,7,3,2,1,1
3488,15,1,2,6,1
3493,18,6,2,11,1
3495,15,2,2,21,1
3497,5,4,3,23,1
3500,2,5,4,14,1
3501,16,4,4,20,1
3503,8,6,5,6,1
3504,8,1,5,15,1
3505,15,1,5,15,1
3508,6,4,6,8,1
3509,19,6,6,10,1
3516,2,7,7,2,1
3518,16,3,8,23,1
3519,16,4,8,24,1
3524,5,3,9,13,1
3525,3,1,9,18,1
3526,22,7,9,17,1
3527,6,7,10,22,1
3529,1,6,11,18,1
3530,17,1,11,20,1
3532,11,5,12,1,1
3534,18,3,3,22,1
3540,15,5,12,29,1
3542,14,5,1,27,1
3544,15,7,1,22,1
3547,13,1,3,13,1
3549,7,2,2,14,1
3550,21,4,3,30,1
3552,3,7,3,12,1
3553,20,6,3,25,1
3555,22,4,5,11,1
3559,6,5,6,16,1
3560,13,6,6,17,1
3561,19,2,8,15,1
3563,2,4,9,7,1
3564,7,3,9,20,1
3565,5,3,8,9,1
3566,19,5,9,15,1
3567,18,4,10,12,1
3569,21,3,9,27,1
3570,5,3,10,11,1
3571,17,4,10,19,1
3575,17,3,12,6,1
3576,12,2,11,28,1
3578,20,3,11,1,1
3580,14,7,11,5,1
3583,8,6,1,7,1
3586,6,3,1,25,1
3588,7,3,3,8,1
3596,14,7,6,4,1
3600,18,1,7,17,1
3603,10,6,7,29,1
3604,7,5,4,14,1
3607,15,2,9,5,1
3611,6,2,10,3,1
3612,19,2,10,10,1
3613,9,7,10,15,1
3623,20,5,3,3,1
3625,16,3,1,4,1
3627,11,7,1,8,1
3635,11,7,2,5,1
3636,23,1,2,13,1
3638,7,1,2,20,1
3642,0,1,3,6,1
3643,23,5,2,17,1
3652,19,2,4,4,1
3653,17,1,4,10,1
3654,20,7,3,12,1
3657,2,6,5,6,1
3660,2,3,4,5,1
3662,22,1,2,13,1
3667,17,6,5,20,1
3672,8,3,5,31,1
3677,10,1,5,29,1
3680,15,2,6,13,1
3681,4,3,6,14,1
3682,18,3,6,14,1
3683,10,7,6,11,1
3687,4,6,4,29,1
3688,18,7,6,11,1
3689,20,3,7,12,1
3690,22,1,3,20,1
3693,19,3,8,2,1
3694,20,3,8,2,1
3696,2,2,8,8,1
3697,7,1,8,7,1
3698,2,2,8,8,1
3699,16,3,8,9,1
3700,19,6,7,29,1
3703,13,2,7,11,1
3704,17,2,7,11,1
3706,14,3,7,19,1
3709,6,2,6,20,1
3710,20,7,6,25,1
3711,13,1,6,26,1
3713,5,5,7,28,1
3717,13,1,8,21,1
3718,21,4,8,24,1
3721,5,6,7,1,1
3722,5,1,7,3,1
3725,7,1,8,28,1
3727,23,7,8,27,1
3729,16,3,7,26,1
3735,10,3,10,11,1
3739,9,6,9,16,1
3740,20,6,9,16,1
3741,8,3,9,20,1
3743,7,7,10,8,1
3750,19,5,10,27,1
3753,7,2,12,5,1
3755,11,2,10,24,1
3756,9,1,10,30,1
3757,7,3,11,1,1
3758,14,5,11,3,1
3760,20,7,3,5,1
3762,11,2,12,26,1
3763,11,7,12,31,1
3764,8,2,11,7,1
3766,9,5,11,10,1
3769,2,2,11,21,1
3770,1,4,7,27,1
3775,18,6,12,2,1
3776,15,2,12,5,1
3780,16,4,12,28,1
3781,23,4,12,28,1
3782,2,1,7,10,1
3795,22,3,12,27,1
3799,11,5,2,17,1
3800,23,6,4,8,1
3801,7,3,4,12,1
3802,18,7,4,30,1
3803,6,5,5,5,1
3804,20,5,6,9,1
3806,11,3,6,21,1
3808,5,2,6,27,1
3810,20,1,7,24,1
3812,13,3,8,16,1
3813,16,5,8,18,1
3814,19,6,9,2,1
3815,13,6,9,16,1
3817,23,7,10,1,1
3820,10,1,5,1,1
3821,15,1,5,8,1
3822,6,6,6,3,1
3823,13,7,5,28,1
3824,14,5,10,6,1
3827,0,7,11,19,1
3840,0,3,1,4,1
3844,1,7,2,26,1
3845,0,7,3,5,1
3847,23,7,3,12,1
3848,20,4,3,16,1
3851,14,3,3,22,1
3854,6,2,3,21,1
3855,22,7,1,22,1
3857,6,1,2,27,1
3864,15,1,4,10,1
3871,6,4,3,9,1
3875,11,5,5,12,1
3876,6,5,5,19,1
3879,21,2,5,30,1
3880,20,3,5,31,1
3881,2,1,2,20,1
3884,7,3,6,21,1
3885,11,4,4,13,1
3889,15,6,7,15,1
3894,0,2,8,15,1
3910,7,7,11,5,1
3921,20,4,8,10,1
3922,11,4,12,14,1
3933,21,1,11,27,1
3934,11,5,12,8,1
3937,8,7,12,3,1
3940,18,1,1,16,1
3942,20,4,1,26,1
3945,20,5,2,24,1
3946,15,3,3,22,1
3950,20,3,4,5,1
3951,17,1,4,24,1
3952,7,6,4,29,1
3953,14,5,4,7,1
3954,1,3,4,12,1
3956,6,3,4,19,1
3957,20,1,4,24,1
3961,10,2,5,2,1
3962,21,2,5,30,1
3965,2,5,6,23,1
3966,10,6,6,10,1
3967,14,2,6,13,1
3972,11,3,7,12,1
3975,21,1,8,14,1
3976,0,7,9,10,1
3977,12,7,10,1,1
3979,6,6,10,21,1
3980,23,7,10,22,1
3984,14,1,11,27,1
3991,14,2,12,19,1
3992,18,4,1,5,1
3995,13,7,4,30,1
3998,11,1,7,3,1
4009,22,6,2,25,1
4010,4,7,3,12,1
4014,21,7,9,10,1
4017,9,7,1,1,1
4020,14,4,2,9,1
4022,22,2,3,21,1
4023,1,4,3,30,1
4025,16,5,5,5,1
4031,6,5,6,9,1
4033,12,5,6,16,1
4036,13,5,5,19,1
4037,12,7,7,16,1
4038,10,5,6,30,1
4041,6,5,8,25,1
4042,12,2,9,12,1
4045,16,3,9,20,1
4047,20,3,10,4,1
4048,11,2,10,31,1
4050,8,4,10,5,1
4053,7,6,9,2,1
4054,19,6,10,14,1
4056,19,1,10,9,1
4057,6,6,9,2,1
4062,17,2,1,3,1
4066,20,3,2,8,1
4072,15,2,3,14,1
4079,16,6,7,22,1
4082,16,5,8,4,1
4084,10,1,8,7,1
4086,22,6,9,2,1
4092,8,4,10,5,1
4096,10,2,10,24,1
4099,8,2,11,21,1
4106,14,6,12,16,1
4109,17,3,1,4,1
4113,19,2,2,14,1
4121,18,2,5,16,1
4124,7,4,6,22,1
4125,16,7,6,25,1
4126,21,2,7,4,1
4128,19,1,7,24,1
4129,14,3,8,2,1
4131,0,7,8,27,1
4132,12,1,8,28,1
4139,9,2,1,24,1
4145,11,2,3,28,1
4147,16,4,4,13,1
4151,21,5,6,2,1
4155,16,7,6,25,1
4160,9,4,7,20,1
4161,19,7,7,23,1
4166,13,4,8,24,1
4171,0,1,10,16,1
4174,15,1,10,23,1
4176,17,4,11,2,1
4185,22,4,11,9,1
4188,5,7,1,15,1
4192,5,4,2,16,1
4193,20,2,3,7,1
4197,4,6,3,25,1
4199,10,1,4,3,1
4201,16,5,4,14,1
4202,9,6,4,15,1
4206,10,6,5,13,1
4207,12,1,5,1,1
4208,12,4,5,11,1
4209,7,6,5,13,1
4211,12,6,5,20,1
4214,16,1,6,5,1
4217,16,1,7,3,1
4221,12,1,8,7,1
4224,12,6,8,26,1
4230,18,3,9,13,1
4231,2,1,10,16,1
4233,7,6,11,4,1
4235,22,7,11,5,1
4240,12,4,12,21,1
4242,18,3,12,27,1
4246,17,5,3,17,1
4248,12,6,7,8,1
4249,12,1,10,23,1
4258,20,2,4,18,1
4260,17,5,4,7,1
4261,22,6,5,27,1
4263,11,4,3,16,1
4264,13,4,3,9,1
4265,21,6,6,10,1
4268,19,3,8,16,1
4269,2,1,6,19,1
4274,15,7,11,5,1
4275,12,7,10,1,1
4276,22,3,10,18,1
4277,8,6,10,28,1
4278,17,1,9,25,1
4279,6,6,10,7,1
4281,2,7,7,23,1
4284,10,1,11,27,1
4285,0,7,12,10,1
4288,19,7,8,20,1
4290,3,1,7,24,1
4292,5,4,10,19,1
4295,17,4,7,27,1
4311,10,7,6,4,1
4316,1,2,8,15,1
4317,2,7,8,27,1
4318,0,6,8,5,1
4326,7,2,10,24,1
4332,18,6,11,11,1
4342,14,3,5,3,1
4343,6,3,5,17,1
4346,18,1,6,5,1
4347,22,5,7,7,1
4350,9,1,9,4,1
4356,22,7,1,8,1
4357,7,3,1,11,1
4362,20,1,4,24,1
4364,9,3,5,3,1
4374,11,7,12,24,1
4378,16,7,1,29,1
4379,15,4,2,16,1
4382,17,3,4,12,1
4383,22,1,4,3,1
4384,18,3,4,12,1
4385,20,6,4,22,1
4387,8,3,4,12,1
4388,2,6,5,6,1
4395,1,2,3,7,1
4402,21,3,8,23,1
4406,2,5,9,22,1
4407,8,2,9,19,1
4408,19,7,10,1,1
4409,10,4,8,24,1
4413,13,2,9,19,1
4414,18,5,10,13,1
4415,16,3,9,27,1
4419,14,7,10,22,1
4423,15,4,11,30,1
4424,5,2,11,21,1
4435,16,5,9,1,1
4438,22,6,3,11,1
4444,16,3,8,2,1
4446,6,5,8,25,1
4449,14,7,10,29,1
4452,0,7,1,8,1
4453,11,6,1,21,1
4455,22,6,3,25,1
4459,8,5,6,30,1
4463,15,6,12,16,1
4464,22,4,12,28,1
4470,17,3,11,15,1
4472,17,5,2,10,1
4474,13,5,2,17,1
4475,17,4,4,20,1
4476,17,1,5,15,1
4477,18,1,4,17,1
4478,16,4,4,20,1
4479,18,1,5,1,1
4480,18,7,3,5,1
4486,10,2,8,22,1
4488,19,5,9,1,1
4489,18,6,8,26,1
4495,14,5,9,15,1
4499,20,4,6,1,1
4502,1,2,8,8,1
4505,20,6,12,30,1
4515,14,2,5,30,1
4517,16,5,7,7,1
4518,21,4,7,20,1
4520,1,5,8,25,1
4521,3,6,4,8,1
4522,22,7,5,28,1
4524,22,2,9,26,1
4525,18,2,11,28,1
4526,7,7,10,22,1
4530,14,1,11,6,1
4531,9,1,6,26,1
4535,7,4,11,9,1
4542,12,1,3,20,1
4545,1,1,4,3,1
4550,14,7,5,21,1
4554,2,4,6,22,1
4557,11,4,6,15,1
4558,16,6,7,1,1
4560,6,3,6,14,1
4561,20,3,7,19,1
4562,23,5,7,21,1
4564,11,1,7,31,1
4566,13,1,7,10,1
4575,23,6,9,16,1
4578,15,4,11,2,1
4580,2,1,11,13,1
4581,15,2,11,7,1
4583,13,1,9,4,1
4584,14,2,11,28,1
4590,19,2,10,10,1
4592,22,5,12,8,1
4593,14,7,1,1,1
4595,13,2,1,3,1
4598,11,1,1,16,1
4599,9,5,1,27,1
4600,2,4,2,16,1
4601,21,1,2,6,1
4604,9,4,2,16,1
4606,14,7,2,26,1
4607,22,6,3,25,1
4609,18,3,3,22,1
4613,11,3,5,24,1
4617,9,2,5,2,1
4620,15,5,6,30,1
4621,16,5,6,16,1
4623,5,5,7,7,1
4624,3,7,7,23,1
4625,10,4,7,20,1
4627,18,5,8,4,1
4628,22,2,8,1,1
4630,9,3,8,16,1
4633,6,6,9,30,1
4634,13,7,9,10,1
4637,19,7,10,1,1
4640,11,3,10,4,1
4642,8,5,10,27,1
4644,16,6,11,11,1
4645,12,6,11,25,1
4647,7,3,11,8,1
4653,18,2,12,12,1
4654,1,1,6,26,1
4656,14,6,3,4,1
4659,8,4,6,29,1
4663,18,7,12,24,1
4669,16,4,1,26,1
4670,10,6,2,11,1
4676,12,4,4,6,1
4678,9,2,3,28,1
4681,17,1,5,22,1
4683,9,3,5,24,1
4690,23,5,6,30,1
4691,15,2,7,4,1
4693,10,5,6,30,1
4694,16,4,7,6,1
4698,1,1,7,24,1
4703,9,3,8,9,1
4706,16,4,8,31,1
4709,3,3,10,4,1
4710,2,7,10,15,1
4711,19,7,11,5,1
4713,12,3,8,9,1
4717,12,6,12,16,1
4724,9,1,3,6,1
4726,23,7,1,22,1
4734,13,6,5,6,1
4740,9,4,7,6,1
4751,1,2,8,15,1
4752,20,3,8,9,1
4754,11,2,9,12,1
4757,20,3,10,11,1
4758,4,7,10,15,1
4760,6,7,11,5,1
4762,5,7,11,5,1
4778,16,2,11,14,1
4780,0,7,1,1,1
4782,4,7,1,1,1
4784,22,5,2,3,1
4786,2,7,2,5,1
4787,17,6,2,11,1
4789,10,3,3,8,1
4791,14,7,3,19,1
4794,7,3,4,5,1
4795,6,6,5,27,1
4796,12,2,4,25,1
4797,20,1,5,29,1
4798,17,7,5,21,1
4799,18,4,5,25,1
4801,11,5,5,5,1
4802,12,5,5,12,1
4803,7,5,5,5,1
4804,18,2,5,30,1
4806,21,5,5,26,1
4807,14,6,6,17,1
4809,22,4,7,6,1
4810,11,6,7,15,1
4811,9,4,7,27,1
4812,21,1,8,21,1
4813,18,6,9,30,1
4814,15,6,9,2,1
4816,5,2,8,8,1
4817,19,2,9,12,1
4818,6,6,9,30,1
4821,12,3,10,4,1
4825,19,6,10,21,1
4829,2,7,12,3,1
4834,22,3,1,4,1
4836,23,1,5,8,1
4837,16,4,8,10,1
4839,11,4,1,12,1
4840,14,7,2,12,1
4841,13,4,2,23,1
4842,0,2,2,28,1
4843,11,5,3,3,1
4844,13,5,3,24,1
4845,15,3,4,19,1
4847,18,5,3,17,1
4849,7,3,5,24,1
4851,0,4,6,22,1
4852,22,1,6,26,1
4853,23,2,7,11,1
4854,1,2,7,18,1
4855,22,5,7,28,1
4856,8,4,8,17,1
4857,21,2,8,1,1
4858,17,7,9,17,1
4862,17,4,10,5,1
4863,20,7,10,15,1
4865,12,5,10,27,1
4866,13,7,11,5,1
4867,1,7,10,8,1
4868,17,1,12,11,1
4869,15,5,10,6,1
4870,22,3,12,20,1
4879,7,7,10,15,1
4884,5,5,2,3,1
4885,3,4,2,16,1
4887,18,3,3,1,1
4889,12,3,3,22,1
4898,9,1,5,29,1
4904,17,2,6,27,1
4906,15,3,7,5,1
4908,7,5,8,11,1
4917,12,1,8,14,1
4920,7,7,9,3,1
4921,12,6,10,14,1
4923,12,7,9,3,1
4925,14,6,9,16,1
4926,21,7,9,17,1
4927,20,2,9,12,1
4929,8,5,9,8,1
4934,20,1,11,6,1
4935,17,7,10,29,1
4941,18,5,12,8,1
4946,3,6,10,14,1
4948,20,6,1,7,1
4955,10,1,2,27,1
4958,9,6,3,4,1
4959,1,6,3,11,1
4961,10,7,3,5,1
4962,18,1,2,20,1
4965,6,5,3,24,1
4969,16,5,4,14,1
4972,6,5,4,28,1
4973,20,2,5,2,1
4976,0,7,6,4,1
4977,17,6,6,10,1
4979,17,6,6,17,1
4980,15,2,6,20,1
4981,20,2,6,20,1
4988,3,6,7,15,1
4995,21,7,8,20,1
4996,10,3,8,23,1
4997,1,3,8,30,1
5000,18,2,8,22,1
5005,17,1,9,18,1
5006,1,7,9,24,1
5007,8,4,8,24,1
5008,0,4,9,7,1
5009,5,7,9,10,1
5010,21,2,9,19,1
5011,23,1,9,25,1
5017,18,1,8,28,1
5019,17,4,10,26,1
5020,20,4,11,16,1
5024,21,6,11,11,1
5026,1,7,12,17,1
5029,21,3,3,29,1
5033,15,7,8,6,1
5041,9,7,12,3,1
5043,10,4,2,9,1
5045,12,1,2,27,1
5046,20,7,2,12,1
5047,22,4,3,2,1
5048,5,7,3,12,1
5050,8,6,3,18,1
5051,16,7,3,19,1
5052,9,5,3,31,1
5054,8,1,6,12,1
5055,18,3,6,21,1
5056,13,7,7,2,1
5058,21,2,7,18,1
5060,22,5,8,18,1
5061,10,2,8,22,1
5062,19,4,8,24,1
5063,4,7,8,27,1
5067,8,6,9,30,1
5069,1,1,11,20,1
5071,11,4,12,21,1
5078,17,7,4,23,1
5080,15,4,5,18,1
5081,4,6,5,20,1
5083,20,3,5,24,1
5084,15,4,6,15,1
5089,18,7,8,20,1
5091,16,6,9,9,1
5093,9,6,9,23,1
5094,9,7,9,24,1
5103,23,6,5,6,1
5104,21,5,5,19,1
5105,13,6,5,20,1
5107,22,4,6,1,1
5108,15,6,6,3,1
5109,13,4,6,8,1
5114,17,4,7,27,1
5116,1,2,9,19,1
5118,13,7,10,22,1
5120,2,3,12,13,1
5128,16,7,2,19,1
5135,16,3,5,17,1
5136,2,7,5,21,1
5137,14,1,5,8,1
5138,23,2,6,6,1
5139,6,2,6,13,1
5144,17,4,8,17,1
5145,22,2,8,22,1
5147,1,1,8,28,1
5156,13,4,11,23,1
5161,22,6,11,11,1
5164,12,4,4,6,1
5165,7,5,5,5,1
5170,23,7,6,18,1
5171,7,6,7,1,1
5172,10,7,7,2,1
5173,18,4,7,13,1
5185,18,2,10,31,1
5186,16,6,12,2,1
5187,1,7,12,3,1
5195,9,4,1,5,1
5204,12,1,3,20,1
5209,8,6,5,13,1
5210,8,5,5,26,1
5213,10,6,6,3,1
5214,15,1,7,17,1
5218,20,2,8,8,1
5219,16,4,8,10,1
5220,7,1,8,21,1
5222,23,6,8,19,1
5224,10,7,9,3,1
5225,4,7,9,17,1
5228,22,4,8,10,1
5229,4,2,8,22,1
5231,20,2,8,29,1
5235,22,1,10,9,1
5240,1,1,11,6,1
5241,13,6,11,25,1
5248,99,2,11,14,1
5250,15,6,1,14,1
5253,18,4,3,2,1
5255,7,4,3,16,1
5257,18,6,4,22,1
5259,11,6,5,13,1
5267,16,5,6,23,1
5268,5,2,6,27,1
5273,7,6,8,19,1
5279,12,2,10,10,1
5281,7,6,10,21,1
5282,7,2,11,7,1
5283,20,2,11,14,1
5284,6,5,11,17,1
5285,3,6,11,18,1
5290,9,3,1,11,1
5291,11,6,1,14,1
5294,14,3,1,25,1
5295,0,1,1,23,1
5296,17,6,1,28,1
5299,12,5,2,10,1
5307,12,2,2,21,1
5308,21,7,1,22,1
5310,9,4,2,23,1
5311,1,7,3,5,1
5316,17,4,3,9,1
5319,13,5,3,31,1
5323,14,2,4,11,1
5324,13,1,3,13,1
5325,13,1,4,10,1
5326,10,4,4,27,1
5327,9,3,5,10,1
5330,9,7,5,7,1
5332,16,7,4,16,1
5335,22,1,2,13,1
5336,19,5,4,14,1
5338,22,5,5,12,1
5339,23,6,3,18,1
5345,12,7,5,28,1
5346,8,1,5,29,1
5347,11,7,5,21,1
5348,21,5,6,9,1
5349,20,1,6,5,1
5350,13,2,6,6,1
5351,22,1,6,12,1
5352,12,4,6,15,1
5360,99,2,7,18,1
5370,20,6,8,5,1
5371,18,7,8,6,1
5372,14,5,6,23,1
5374,3,4,7,27,1
5380,17,5,2,17,1
5381,10,6,8,12,1
5382,14,2,9,12,1
5387,22,2,10,10,1
5390,2,1,10,16,1
5392,18,5,9,15,1
5393,16,3,9,20,1
5394,1,7,9,24,1
5395,22,5,10,13,1
5399,12,7,10,1,1
5400,2,6,9,16,1
5402,0,7,7,16,1
5406,22,6,10,28,1
5414,20,6,11,4,1
5422,22,6,11,11,1
5423,23,2,11,14,1
5424,13,5,11,17,1
5425,1,7,11,19,1
5428,14,7,12,10,1
5429,15,1,12,11,1
5431,4,3,12,20,1
5432,11,2,11,28,1
5435,4,4,11,23,1
5437,8,2,12,5,1
5440,1,5,11,17,1
5442,12,3,12,20,1
5444,13,3,12,6,1
5445,11,3,11,29,1
5446,10,2,10,10,1
5449,14,3,1,11,1
5453,12,1,3,13,1
5455,17,5,4,14,1
5456,5,2,4,18,1
5459,20,1,6,26,1
5460,14,3,7,5,1
5461,20,6,7,8,1
5464,3,5,7,14,1
5466,8,5,9,22,1
5467,11,5,9,29,1
5468,21,6,9,30,1
5470,10,2,10,10,1
5472,4,2,11,7,1
5474,0,7,11,26,1
5475,1,3,1,25,1
5477,3,1,6,19,1
5478,13,3,7,19,1
5479,22,3,7,26,1
5480,8,4,8,31,1
5481,20,3,9,27,1
5484,23,7,4,2,1
5485,18,3,10,25,1
5486,9,4,11,23,1
5487,22,6,7,15,1
5489,14,2,8,8,1
5492,0,3,3,1,1
5493,16,1,1,9,1
5497,13,6,1,28,1
5498,18,6,2,18,1
5499,15,7,2,26,1
5500,17,4,1,26,1
5504,23,4,1,26,1
5505,11,7,3,19,1
5507,16,2,3,21,1
5508,14,1,4,3,1
5510,12,1,4,24,1
5512,19,6,2,25,1
5513,0,7,3,26,1
5514,18,1,1,23,1
5517,20,7,5,7,1
5518,20,5,5,12,1
5521,20,4,5,11,1
5526,16,7,3,12,1
5527,6,1,6,5,1
5530,14,1,5,22,1
5533,4,3,4,19,1
5538,13,3,3,8,1
5545,13,1,7,24,1
5546,17,7,5,14,1
5549,12,4,7,20,1
5550,16,6,5,13,1
5551,13,1,8,28,1
5552,7,7,9,3,1
5553,17,6,5,27,1
5556,4,7,7,16,1
5557,16,3,9,13,1
5564,20,1,11,13,1
5568,12,6,11,25,1
5569,18,3,11,29,1
5578,3,1,10,16,1
5579,11,1,12,25,1
5583,22,5,1,6,1
5586,14,1,2,6,1
5587,9,3,2,15,1
5588,19,2,2,21,1
5591,20,2,3,21,1
5592,22,5,3,31,1
5593,3,5,4,7,1
5598,3,1,5,22,1
5600,14,3,5,3,1
5602,17,3,5,10,1
5604,15,2,6,13,1
5606,11,4,6,22,1
5607,1,2,7,18,1
5609,14,3,8,9,1
5611,2,4,8,3,1
5615,8,7,10,1,1
5616,7,1,10,23,1
5617,13,7,10,29,1
5620,2,2,11,14,1
5623,4,6,12,9,1
5624,23,7,12,17,1
5625,16,7,12,17,1
5628,17,4,7,27,1
5629,9,3,8,9,1
5635,17,6,4,22,1
5636,17,7,9,3,1
5639,15,7,12,17,1
5640,16,4,1,12,1
5641,6,2,1,3,1
5642,16,4,1,12,1
5649,17,4,4,6,1
5652,12,3,2,15,1
5656,14,6,5,20,1
5657,0,1,5,22,1
5659,16,5,5,19,1
5660,17,3,6,7,1
5661,4,4,6,8,1
5663,12,4,6,29,1
5664,18,4,6,29,1
5667,7,2,8,8,1
5669,3,5,8,4,1
5670,7,7,8,13,1
5671,12,1,7,31,1
5674,16,3,6,28,1
5675,4,3,9,13,1
5676,21,6,8,26,1
5677,18,7,8,27,1
5678,16,2,9,12,1
5685,4,7,10,22,1
5687,4,2,11,7,1
5689,13,6,12,23,1
5691,14,3,2,8,1
5697,19,1,4,10,1
5710,12,1,7,10,1
5712,13,5,7,14,1
5717,13,5,8,4,1
5720,14,3,9,6,1
5722,13,3,9,13,1
5724,17,2,10,3,1
5733,19,1,12,11,1
5742,17,3,12,27,1
5748,0,5,4,28,1
5750,17,3,6,14,1
5753,23,7,6,11,1
5754,15,3,7,5,1
5761,17,6,9,23,1
5762,18,2,10,10,1
5764,12,6,12,9,1
5765,14,7,12,17,1
5767,16,5,1,20,1
5770,17,5,2,10,1
5771,12,2,2,14,1
5775,1,7,2,26,1
5786,16,2,5,23,1
5793,16,7,6,4,1
5794,21,4,6,8,1
5795,13,7,6,11,1
5796,17,7,6,25,1
5797,17,6,7,8,1
5798,20,1,7,31,1
5804,12,5,9,1,1
5807,5,3,9,13,1
5814,15,7,10,8,1
5815,16,2,10,10,1
5818,19,3,10,11,1
5822,10,5,12,8,1
5823,0,1,12,18,1
5830,14,3,2,8,1
5836,6,6,3,25,1
5837,6,3,3,29,1
5846,16,3,5,10,1
5847,21,5,6,9,1
5848,16,7,6,18,1
5849,21,2,6,27,1
5851,21,4,4,20,1
5853,10,1,7,31,1
5855,7,7,7,30,1
5858,11,6,9,16,1
5861,19,2,11,14,1
5864,16,5,11,24,1
5866,18,4,2,2,1
5867,23,2,11,21,1
5873,12,3,3,29,1
5876,3,7,10,29,1
5877,18,7,10,15,1
5879,22,6,11,4,1
5880,13,2,12,26,1
5881,22,6,1,7,1
5884,11,4,6,1,1
5886,14,6,6,3,1
5887,15,6,5,20,1
5888,16,1,5,29,1
5890,0,3,7,19,1
5891,13,6,8,12,1
5892,13,4,7,13,1
5898,1,6,11,4,1
5900,21,7,9,24,1
5902,8,7,10,1,1
5906,17,5,5,26,1
5907,12,2,4,25,1
5910,14,2,9,19,1
5911,13,6,4,29,1
5915,13,3,12,27,1
5916,6,1,5,29,1
5917,12,4,6,1,1
5918,6,3,10,25,1
5929,8,3,1,25,1
5932,11,1,5,8,1
5933,17,3,5,17,1
5935,17,1,6,19,1
5936,14,2,6,20,1
5938,9,1,7,3,1
5948,19,1,8,28,1
5950,6,2,9,12,1
5953,14,5,9,15,1
5966,18,5,2,3,1
5969,16,4,4,13,1
5970,4,2,4,18,1
5973,20,5,7,7,1
5974,15,4,8,24,1
5976,16,2,9,19,1
5981,5,3,12,6,1
5985,6,3,5,17,1
5986,18,7,4,16,1
5987,2,6,7,22,1
5990,16,4,9,28,1
5991,6,4,10,19,1
5992,5,3,11,1,1
6003,5,3,4,5,1
6007,13,4,4,13,1
6009,8,2,5,16,1
6011,11,7,5,21,1
6018,18,6,7,8,1
6024,16,3,7,26,1
6025,1,2,8,15,1
6026,14,6,8,12,1
6028,21,5,9,1,1
6032,9,1,10,16,1
6035,4,4,9,28,1
6037,14,3,10,18,1
6038,19,5,10,27,1
6040,12,2,10,10,1
6042,7,7,10,8,1
6051,6,6,2,11,1
6064,4,5,2,10,1
6070,18,4,8,3,1
6073,18,4,3,16,1
6077,19,3,4,12,1
6078,5,1,5,22,1
6079,21,5,6,23,1
6080,8,6,7,15,1
6081,17,3,8,30,1
6082,19,7,9,3,1
6084,16,4,10,19,1
6088,14,2,12,19,1
6089,14,5,1,20,1
6093,16,1,7,10,1
6095,0,1,9,11,1
6101,12,7,1,15,1
6103,3,1,4,10,1
6105,19,1,4,10,1
6106,17,1,4,17,1
6107,2,7,3,19,1
6109,15,4,2,16,1
6110,10,1,6,5,1
6111,4,3,6,28,1
6114,15,7,6,25,1
6115,10,6,7,22,1
6116,8,2,6,20,1
6118,12,1,7,24,1
6122,7,5,9,15,1
6123,14,5,6,2,1
6126,14,7,9,10,1
6129,15,1,10,2,1
6131,8,6,11,18,1
6133,14,7,11,12,1
6144,18,1,3,13,1
6145,8,6,3,18,1
6147,7,7,4,23,1
6149,7,2,5,2,1
6150,5,4,5,25,1
6151,16,4,6,15,1
6152,10,5,6,9,1
6157,18,4,10,5,1
6159,11,7,11,26,1
6162,12,6,12,30,1
6163,21,2,8,22,1
6164,20,3,11,8,1
6165,12,5,8,4,1
6171,14,3,2,22,1
6178,17,3,4,26,1
6180,19,4,5,25,1
6183,16,2,6,13,1
6184,10,5,5,12,1
6186,22,3,6,7,1
6191,22,3,6,7,1
6196,17,2,7,11,1
6203,11,1,7,10,1
6205,13,7,7,30,1
6206,4,7,8,6,1
6207,17,1,8,7,1
6213,20,6,9,2,1
6214,16,2,8,22,1
6217,9,1,9,18,1
6225,8,5,9,1,1
6233,6,1,5,8,1
6238,5,7,1,1,1
6241,6,3,2,1,1
6242,2,4,2,23,1
6243,21,1,2,6,1
6247,8,2,3,21,1
6248,17,5,4,7,1
6250,16,3,4,12,1
6253,7,3,5,24,1
6257,21,7,5,21,1
6258,19,2,6,13,1
6259,6,4,6,15,1
6262,22,7,7,2,1
6263,3,7,7,30,1
6264,11,3,7,19,1
6265,11,4,7,20,1
6266,15,5,7,14,1
6268,6,5,8,25,1
6269,14,5,8,25,1
6270,7,3,8,30,1
6271,3,6,8,12,1
6273,11,1,9,4,1
6274,19,7,9,10,1
6275,17,4,9,28,1
6276,15,7,10,15,1
6277,18,4,10,19,1
6280,6,5,11,3,1
6281,16,7,11,19,1
6282,12,5,11,24,1
6285,18,7,12,17,1
6286,22,7,12,24,1
6288,18,3,7,26,1
6290,17,2,8,8,1
6307,16,5,3,3,1
6309,14,7,3,19,1
6313,14,3,3,29,1
6321,15,1,5,29,1
6323,23,7,6,11,1
6324,7,5,6,30,1
6326,14,4,7,13,1
6327,8,5,7,21,1
6328,11,5,7,28,1
6330,0,7,6,11,1
6332,11,6,8,5,1
6335,9,5,8,25,1
6343,23,2,10,10,1
6346,20,5,6,2,1
6349,7,1,11,6,1
6351,16,6,11,18,1
6355,7,7,12,17,1
6360,18,7,1,1,1
6367,1,7,4,16,1
6374,8,6,7,15,1
6378,10,6,9,9,1
6379,15,6,10,7,1
6383,7,2,10,31,1
6385,5,2,11,21,1
6393,13,7,6,25,1
6394,12,5,6,30,1
6395,19,4,8,3,1
6406,7,7,2,26,1
6410,12,3,1,25,1
6411,15,3,3,1,1
6413,7,4,3,30,1
6414,13,5,4,21,1
6421,20,5,5,5,1
6424,2,1,5,29,1
6425,17,1,5,22,1
6427,7,6,5,27,1
6428,12,1,5,22,1
6429,22,4,6,29,1
6437,20,5,7,28,1
6438,5,2,8,8,1
6439,16,7,8,20,1
6440,16,4,8,31,1
6441,14,3,8,23,1
6442,21,5,8,4,1
6443,14,1,7,10,1
6450,16,1,9,4,1
6452,23,1,8,14,1
6454,17,1,10,16,1
6455,18,1,10,9,1
6456,10,7,10,8,1
6460,16,6,10,7,1
6461,6,2,11,7,1
6463,6,2,10,10,1
6464,8,6,10,14,1
6465,19,1,9,18,1
6467,11,7,11,5,1
6468,14,2,11,14,1
6469,17,7,11,5,1
6471,21,6,11,11,1
6474,8,1,2,20,1
6475,18,1,3,27,1
6476,19,3,7,12,1
6479,20,6,3,18,1
6482,11,6,4,29,1
6483,7,6,1,21,1
6486,12,2,5,9,1
6487,15,3,5,10,1
6488,14,2,5,16,1
6489,0,6,5,20,1
6490,1,1,5,22,1
6491,6,1,6,12,1
6492,14,2,8,1,1
6493,18,2,8,15,1
6494,12,5,9,1,1
6496,7,3,9,13,1
6497,12,3,11,1,1
6499,19,2,10,3,1
6500,1,7,12,10,1
6503,7,6,9,30,1
6511,17,4,6,29,1
6513,6,5,10,20,1
6519,15,2,1,31,1
6521,11,4,3,2,1
6524,9,3,3,22,1
6525,17,1,1,2,1
6529,21,5,4,28,1
6535,16,7,6,11,1
6539,8,7,6,25,1
6545,20,1,7,17,1
6546,6,5,8,4,1
6550,17,2,10,3,1
6551,6,5,8,25,1
6552,8,7,9,3,1
6553,21,2,10,17,1
6561,2,7,12,10,1
6562,14,2,12,26,1
6566,16,3,1,11,1
6568,15,3,1,18,1
6571,19,6,1,28,1
6573,13,1,2,13,1
6574,15,5,2,10,1
6577,17,7,3,12,1
6579,21,1,3,13,1
6580,11,7,3,26,1
6583,5,4,3,9,1
6585,0,2,4,25,1
6587,19,6,4,29,1
6590,19,3,4,19,1
6592,10,7,5,7,1
6597,19,2,5,16,1
6603,4,5,6,9,1
6604,0,7,6,11,1
6606,1,7,6,25,1
6608,20,6,6,24,1
6610,13,1,7,17,1
6611,17,4,6,8,1
6613,17,6,7,29,1
6614,8,2,6,27,1
6616,11,6,8,19,1
6618,20,7,8,20,1
6619,23,6,8,19,1
6620,23,2,8,22,1
6621,20,5,8,18,1
6622,17,3,8,23,1
6624,6,5,8,18,1
6625,20,6,8,19,1
6626,9,7,9,17,1
6627,5,1,8,14,1
6629,21,7,9,10,1
6630,23,2,9,5,1
6631,15,1,9,11,1
6632,23,2,9,12,1
6633,8,6,9,23,1
6635,19,1,10,2,1
6637,21,5,10,13,1
6638,16,2,5,16,1
6639,9,7,9,24,1
6641,1,4,10,12,1
6643,6,5,10,20,1
6644,21,1,10,30,1
6645,12,7,11,5,1
6647,23,7,9,24,1
6648,7,1,8,28,1
6650,7,2,12,5,1
6651,0,7,10,29,1
6652,3,6,8,5,1
6657,2,3,3,1,1
6662,0,7,8,6,1
6664,10,6,9,23,1
6666,20,6,8,26,1
6667,8,3,2,8,1
6668,19,5,2,10,1
6669,1,2,2,21,1
6671,16,2,3,21,1
6672,9,5,4,7,1
6673,22,1,4,17,1
6675,23,6,5,20,1
6677,15,7,5,28,1
6678,8,2,5,30,1
6679,13,3,6,7,1
6682,5,6,6,17,1
6683,19,5,6,16,1
6684,8,6,6,24,1
6685,18,6,6,24,1
6687,16,6,7,29,1
6689,22,4,8,17,1
6690,2,2,8,8,1
6691,10,7,9,10,1
6692,4,3,9,20,1
6695,21,6,10,14,1
6696,13,6,11,4,1
6697,23,4,10,5,1
6698,15,1,11,13,1
6699,9,3,11,22,1
6700,10,1,11,27,1
6701,5,4,12,21,1
6707,12,7,4,9,1
6713,15,2,7,18,1
6714,6,1,7,10,1
6716,15,6,8,12,1
6720,6,2,10,24,1
6721,18,6,11,4,1
6722,18,2,12,19,1
6728,8,5,4,7,1
6729,20,7,4,30,1
6730,0,7,4,30,1
6732,16,7,5,28,1
6733,14,7,5,28,1
6735,6,4,6,1,1
6740,16,3,9,20,1
6741,11,4,6,15,1
6743,10,2,12,19,1
6748,21,5,3,17,1
6751,15,7,4,9,1
6759,8,5,6,30,1
6762,23,6,7,22,1
6765,14,7,8,20,1
6767,19,4,8,10,1
6773,18,1,6,26,1
6775,9,6,9,30,1
6776,15,5,9,8,1
6778,8,6,9,16,1
6780,14,2,10,3,1
6787,23,7,6,4,1
18960,0,7,1,22,1
18962,2,7,1,15,1
18964,19,5,2,3,1
18967,19,5,2,10,1
18968,3,7,3,12,1
18969,3,6,3,25,1
18971,23,4,5,18,1
18972,19,1,5,15,1
18974,2,3,5,31,1
18976,17,1,5,29,1
18978,23,5,7,28,1
18980,18,2,8,15,1
18990,1,3,8,16,1
18991,2,5,9,15,1
18995,10,3,1,25,1
18997,20,3,2,1,1
19001,2,7,5,14,1
19002,3,1,4,24,1
19004,13,6,6,24,1
19009,13,5,8,4,1
19010,3,7,8,27,1
19014,2,7,9,17,1
19021,0,7,9,17,1
19022,15,1,9,25,1
19023,0,1,10,30,1
19029,23,5,12,8,1
19032,3,7,12,24,1
19033,19,7,1,15,1
19034,23,2,3,7,1
19035,21,7,3,12,1
19037,21,5,3,17,1
19040,22,2,4,11,1
19041,9,3,4,19,1
19042,17,6,5,6,1
19044,22,7,5,21,1
19045,2,1,5,22,1
19046,7,7,6,4,1
19047,1,1,6,5,1
19048,6,7,6,18,1
19049,23,3,6,28,1
19050,19,3,7,12,1
19052,4,1,7,17,1
19055,23,2,10,3,1
19056,2,7,10,8,1
19057,5,7,10,15,1
19058,1,2,10,17,1
19059,8,4,11,2,1
19064,6,7,1,1,1
19066,5,2,1,10,1
19067,0,5,1,27,1
19070,99,7,1,29,1
19072,21,7,2,5,1
19073,22,2,2,7,1
19077,23,7,2,12,1
19080,2,7,2,12,1
19081,21,2,2,28,1
19085,99,1,3,6,1
19087,2,2,3,28,1
19091,21,6,4,1,1
19094,20,5,4,14,1
19096,17,1,4,24,1
19097,22,6,5,6,1
19098,1,6,5,6,1
19100,22,6,5,13,1
19101,1,1,5,8,1
19102,20,3,4,5,1
19104,19,2,5,2,1
19106,1,5,4,21,1
19110,23,6,5,20,1
19112,18,6,5,6,1
19116,16,1,4,10,1
19121,17,7,6,4,1
19124,22,1,6,12,1
19132,7,7,7,23,1
19135,17,2,5,23,1
19138,13,2,7,4,1
19139,0,5,7,7,1
19140,2,7,7,9,1
19142,15,6,8,19,1
19145,17,7,6,18,1
19146,5,7,6,25,1
19149,8,7,7,16,1
19150,23,7,7,16,1
19151,3,1,7,24,1
19152,4,1,7,24,1
19154,21,1,8,28,1
19157,2,2,8,8,1
19158,19,4,6,22,1
19160,3,1,8,21,1
19161,1,6,9,2,1
19163,1,4,9,7,1
19170,0,2,9,19,1
19172,22,1,10,9,1
19173,99,1,10,9,1
19175,23,4,10,19,1
19177,18,1,8,21,1
19178,23,7,8,27,1
19179,18,2,10,17,1
19180,22,5,9,22,1
19182,2,1,10,2,1
19183,19,7,10,8,1
19184,23,7,10,8,1
19185,20,1,10,9,1
19187,2,7,10,15,1
19198,2,7,10,29,1
19200,2,7,11,5,1
19201,0,7,12,3,1
19205,21,7,10,29,1
19206,2,1,10,30,1
19208,5,1,10,30,1
19213,99,4,11,9,1
19214,18,4,11,9,1
19221,22,7,12,24,1
19223,1,7,12,10,1
19226,3,5,12,15,1
19227,3,5,12,22,1
19228,23,7,12,24,1
19230,14,2,12,5,1
19231,9,6,12,16,1
19232,15,1,1,23,1
19233,3,1,12,25,1
19242,1,1,3,27,1
19247,2,1,5,1,1
19250,0,1,6,19,1
19251,2,6,6,24,1
19252,2,7,7,16,1
19253,4,2,7,25,1
19254,21,3,7,19,1
19255,2,1,7,31,1
19257,23,7,8,20,1
19258,19,1,7,31,1
19262,2,1,2,13,1
19263,2,6,5,20,1
19264,18,5,3,17,1
19265,2,1,1,30,1
19266,15,5,6,16,1
19268,3,7,8,27,1
19269,3,7,4,2,1
19270,1,7,6,18,1
19271,2,2,6,6,1
19273,1,6,7,29,1
19275,1,1,11,20,1
19276,1,6,7,29,1
19277,7,7,8,27,1
19278,23,5,9,22,1
19280,0,3,5,24,1
19283,22,3,10,25,1
19284,22,5,1,13,1
19288,7,1,2,20,1
19289,8,2,2,21,1
19293,1,7,2,26,1
19294,5,2,2,21,1
19295,21,6,3,25,1
19296,2,7,3,26,1
19297,17,4,3,30,1
19298,19,7,4,2,1
19299,2,1,4,10,1
19300,2,1,4,24,1
19302,2,1,1,23,1
19303,3,2,1,24,1
19304,18,4,4,13,1
19305,3,3,3,15,1
19309,22,6,4,22,1
19313,6,1,4,3,1
19314,2,7,5,7,1
19316,4,1,6,5,1
19317,1,1,5,29,1
19322,1,6,6,10,1
19326,21,2,4,4,1
19332,0,3,5,17,1
19337,21,2,7,4,1
19338,2,1,3,20,1
19341,0,6,7,15,1
19343,0,1,3,20,1
19345,0,7,6,25,1
19346,23,6,7,29,1
19347,3,6,8,12,1
19350,0,2,9,5,1
19357,3,7,9,24,1
19358,2,6,10,7,1
19359,20,4,10,12,1
19360,20,7,10,29,1
19363,3,1,11,6,1
19369,22,4,11,9,1
19370,15,7,11,26,1
19371,3,3,11,29,1
19372,17,6,12,2,1
19374,23,3,12,13,1
19375,21,2,12,19,1
19377,0,7,12,24,1
19379,2,4,12,14,1
19380,5,7,10,22,1
19385,1,1,1,9,1
19387,3,1,1,30,1
19388,4,1,1,30,1
19389,10,1,2,6,1
19393,1,4,4,6,1
19396,20,5,6,2,1
19397,5,7,6,4,1
19398,20,4,4,20,1
19401,22,1,7,24,1
19402,7,4,7,27,1
19403,2,7,7,30,1
19404,3,7,8,20,1
19405,3,7,8,20,1
19407,20,5,11,10,1
19412,17,2,1,17,1
19415,0,1,7,3,1
19417,3,1,7,24,1
19418,0,1,7,31,1
19419,22,5,11,3,1
19421,2,5,3,31,1
19424,2,7,7,30,1
19425,1,7,9,3,1
19426,20,5,9,29,1
19427,3,6,1,14,1
19428,21,1,1,16,1
19429,23,7,1,22,1
19431,19,7,1,8,1
19433,23,5,2,10,1
19436,16,7,4,2,1
19437,1,1,3,27,1
19439,12,1,3,27,1
19440,1,5,3,10,1
19441,17,7,4,30,1
19443,0,1,5,29,1
19444,3,1,5,8,1
19445,2,7,6,4,1
19446,18,2,6,20,1
19447,23,6,6,24,1
19456,10,4,7,20,1
19457,0,5,9,8,1
19461,20,3,10,4,1
19466,4,1,11,13,1
19467,0,1,10,23,1
19473,5,5,12,15,1
19475,9,4,12,21,1
19482,7,6,3,11,1
19483,5,7,4,2,1
19485,4,1,4,10,1
19486,18,7,4,23,1
19489,1,6,6,3,1
19491,19,7,7,16,1
19493,23,7,7,30,1
19494,23,6,8,5,1
19495,6,7,8,13,1
19496,0,6,8,19,1
19497,0,1,8,28,1
19508,2,1,3,6,1
19509,2,1,3,27,1
19512,5,7,12,24,1
19514,1,6,2,11,1
19516,2,7,4,2,1
19517,4,7,6,11,1
19518,5,7,7,9,1
19519,22,5,7,14,1
19521,4,1,7,24,1
19522,1,7,8,6,1
19525,22,3,10,4,1
19527,3,7,11,5,1
19533,6,1,5,8,1
19534,0,7,6,4,1
19535,2,2,6,20,1
19536,21,7,7,2,1
19538,2,6,8,26,1
19540,22,2,8,1,1
19541,22,6,9,2,1
19542,2,1,10,2,1
19545,4,1,10,16,1
19550,5,1,12,18,1
19555,23,2,3,7,1
19558,23,5,3,31,1
19563,20,6,5,13,1
19564,2,6,6,10,1
19566,0,1,5,15,1
19567,99,5,6,30,1
19568,21,6,4,8,1
19570,2,3,7,5,1
19571,23,3,7,12,1
19572,3,7,7,16,1
19573,2,3,8,2,1
19575,21,4,7,27,1
19580,23,6,9,30,1
19581,4,7,10,8,1
19583,6,3,7,12,1
19584,22,1,11,13,1
19586,15,3,11,1,1
19589,3,7,8,27,1
19591,0,4,1,5,1
19592,6,7,1,15,1
19593,3,5,1,13,1
19599,3,5,6,9,1
19603,3,1,4,17,1
19606,0,7,7,23,1
19607,17,6,7,8,1
19608,3,7,7,23,1
19609,4,7,8,6,1
19610,2,4,8,24,1
19611,7,2,10,31,1
19613,2,7,9,3,1
19616,23,4,10,26,1
19619,0,2,9,26,1
19622,17,5,11,3,1
19625,23,7,11,26,1
19626,2,7,12,3,1
19627,0,6,12,30,1
19628,1,3,7,26,1
19631,2,1,5,29,1
19632,22,5,4,7,1
19633,1,7,4,9,1
19634,0,6,9,23,1
19635,1,6,8,19,1
19637,2,7,11,12,1
19639,1,1,4,3,1
19641,23,2,11,28,1
19645,0,5,11,24,1
19650,3,6,3,18,1
19652,2,7,3,19,1
19653,3,1,3,13,1
19655,1,7,4,9,1
19656,3,7,4,9,1
19660,4,3,5,17,1
19663,22,1,6,5,1
19664,18,4,6,8,1
19666,5,2,6,27,1
19667,2,1,7,3,1
19669,1,7,7,16,1
19670,19,6,8,12,1
19671,2,1,8,28,1
19675,19,1,8,21,1
19677,15,7,10,22,1
19687,23,7,4,23,1
19697,22,3,7,5,1
19698,11,2,7,11,1
19703,23,7,8,27,1
19704,1,6,8,5,1
19705,9,7,9,10,1
19710,20,7,9,24,1
19711,19,1,7,3,1
19713,4,7,1,1,1
19714,3,6,1,14,1
19716,4,7,3,19,1
19718,1,1,4,3,1
19719,21,1,4,17,1
19720,1,3,4,19,1
19721,5,1,5,29,1
19722,8,7,6,4,1
19724,22,1,6,12,1
19725,21,6,6,24,1
19726,16,2,7,18,1
19727,23,6,8,19,1
19731,3,4,9,21,1
19732,23,3,10,11,1
19733,0,5,11,24,1
19735,23,3,1,18,1
19742,1,6,6,3,1
19746,20,5,6,23,1
19747,2,4,5,25,1
19750,22,7,7,2,1
19751,18,5,7,14,1
19754,20,2,9,5,1
19755,18,1,7,24,1
19756,13,1,9,11,1
19761,20,3,10,4,1
19766,22,7,12,31,1
19771,2,2,4,25,1
19775,23,5,7,14,1
19776,15,7,7,16,1
19777,12,1,7,31,1
19779,4,4,8,31,1
19780,1,5,9,8,1
19792,11,1,6,19,1
19794,20,5,8,25,1
19795,2,1,9,4,1
19796,3,5,10,6,1
19797,4,1,10,23,1
19798,16,7,7,16,1
19800,4,7,12,17,1
19801,21,7,12,24,1
19802,3,1,3,27,1
19806,20,2,5,30,1
19807,18,5,6,23,1
19811,5,1,9,4,1
19812,19,5,9,15,1
19814,0,3,3,15,1
19819,1,5,2,10,1
19821,4,6,2,18,1
19823,2,7,3,19,1
19825,4,1,4,10,1
19827,0,2,3,21,1
19829,1,7,5,14,1
19830,1,7,6,11,1
19831,23,2,7,11,1
19837,0,1,8,14,1
19839,20,2,8,22,1
19840,0,7,7,23,1
19841,22,1,6,12,1
19842,2,6,8,12,1
19843,3,4,10,5,1
19845,1,1,9,11,1
19848,2,7,9,10,1
19850,17,3,9,27,1
19851,1,6,10,21,1
19853,6,1,11,6,1
19855,7,6,12,16,1
19862,15,6,2,18,1
19863,3,6,5,13,1
19864,6,1,7,31,1
19866,23,7,10,1,1
19869,21,2,1,24,1
19871,3,7,2,12,1
19875,3,4,5,11,1
19880,2,6,7,15,1
19881,16,1,7,17,1
19882,23,6,7,22,1
19884,3,2,7,4,1
19887,5,1,9,11,1
19904,6,7,1,15,1
19905,0,2,1,10,1
19906,20,6,1,21,1
19909,21,6,1,21,1
19911,3,7,1,15,1
19913,18,6,2,11,1
19914,20,7,2,26,1
19919,0,3,3,8,1
19921,10,7,3,19,1
19922,20,3,3,8,1
19924,3,7,3,12,1
19925,0,5,4,7,1
19926,13,1,4,3,1
19929,3,7,4,2,1
19930,2,6,5,13,1
19941,19,7,7,9,1
19943,20,5,7,7,1
19944,4,5,8,18,1
19945,9,6,8,5,1
19947,5,6,8,19,1
19950,4,1,8,14,1
19951,19,7,8,20,1
19959,2,1,10,23,1
19960,1,2,10,3,1
19961,1,2,10,10,1
19964,4,1,10,23,1
19968,1,1,11,6,1
19969,5,1,12,4,1
19971,4,7,12,10,1
19974,4,2,12,26,1
19975,22,6,12,30,1
19976,17,4,4,6,1
19977,19,1,4,10,1
19990,3,1,1,23,1
19998,1,5,5,5,1
20002,0,6,5,6,1
20007,21,1,7,10,1
20008,23,2,7,18,1
20009,23,1,7,3,1
20010,17,7,7,16,1
20011,21,4,8,10,1
20014,23,7,9,17,1
20016,21,5,7,14,1
20019,15,2,10,3,1
20020,0,4,10,12,1
20025,2,1,11,13,1
20026,1,1,11,13,1
20030,2,7,12,24,1
20031,2,6,12,30,1
20041,22,7,5,14,1
20043,2,5,6,9,1
20045,17,7,6,18,1
20047,1,6,7,15,1
20049,23,7,7,23,1
20051,21,5,8,4,1
20052,21,1,6,5,1
20055,2,7,8,27,1
20057,22,3,8,23,1
20059,12,1,10,16,1
20060,21,6,10,21,1
20062,2,7,11,12,1
20063,19,5,11,10,1
20064,3,7,12,24,1
20065,3,4,11,23,1
20067,3,7,4,2,1
20069,6,6,7,1,1
20072,2,6,8,26,1
20075,21,4,9,14,1
20079,2,2,12,26,1
20080,21,7,1,8,1
20081,2,1,2,13,1
20085,2,7,1,29,1
20086,2,2,2,14,1
20089,19,1,3,27,1
20090,23,2,3,7,1
20092,3,1,4,10,1
20093,2,7,4,30,1
20098,18,1,5,1,1
20099,4,1,5,22,1
20101,19,2,5,2,1
20102,21,6,6,3,1
20104,0,1,6,5,1
20105,18,5,5,12,1
20106,21,1,6,12,1
20107,23,7,7,9,1
20108,2,1,7,24,1
20111,23,1,7,17,1
20112,21,3,7,12,1
20114,17,4,8,17,1
20117,20,5,9,29,1
20119,18,7,9,3,1
20120,16,4,9,28,1
20122,21,6,9,16,1
20123,2,1,10,23,1
20124,1,7,10,8,1
20125,17,6,11,4,1
20126,19,3,11,15,1
20127,12,3,11,29,1
20130,3,7,11,26,1
20131,2,2,11,14,1
20132,10,7,11,5,1
20133,1,1,11,20,1
20134,2,7,11,19,1
20135,20,3,10,25,1
20136,4,1,11,6,1
20137,18,7,12,10,1
20139,1,1,12,4,1
20143,4,5,3,10,1
20144,23,6,7,15,1
20145,5,5,9,1,1
20147,7,6,2,11,1
20148,2,7,2,12,1
20152,2,4,3,9,1
20154,23,4,4,6,1
20155,2,7,4,9,1
20157,0,7,1,29,1
20158,20,3,4,19,1
20160,4,7,4,30,1
20161,12,2,3,7,1
20164,13,1,5,1,1
20165,17,7,5,21,1
20168,4,6,5,27,1
20169,5,5,6,9,1
20171,4,1,7,3,1
20176,21,4,8,3,1
20178,1,7,9,10,1
20180,0,2,9,26,1
20182,14,1,10,2,1
20185,2,1,10,23,1
20186,0,7,11,26,1
20188,4,1,11,13,1
20189,10,6,11,18,1
20190,20,2,12,26,1
20196,99,1,2,27,1
20197,23,7,3,19,1
20201,2,7,4,23,1
20203,20,7,5,7,1
20204,3,7,5,21,1
20206,21,5,7,7,1
20208,99,3,7,5,1
20209,22,5,8,4,1
20215,99,1,9,25,1
20219,3,7,11,5,1
20220,2,1,10,30,1
20221,3,7,11,26,1
20224,1,6,12,2,1
20227,99,6,12,16,1
20232,1,3,1,11,1
20235,2,5,1,27,1
20236,2,6,1,7,1
20237,21,4,1,12,1
20239,1,1,1,23,1
20243,20,1,1,30,1
20247,4,1,1,30,1
20249,1,2,2,21,1
20253,22,1,3,6,1
20255,0,7,2,26,1
20256,1,1,2,27,1
20257,22,6,3,4,1
20258,5,1,2,13,1
20259,23,3,3,1,1
20260,3,7,2,12,1
20261,5,1,2,13,1
20265,19,3,3,22,1
20266,3,4,3,16,1
20267,20,7,3,19,1
20268,22,7,3,26,1
20269,22,1,3,27,1
20271,2,1,4,3,1
20273,2,6,2,25,1
20274,14,6,3,18,1
20275,23,6,4,15,1
20276,2,6,4,15,1
20277,6,1,4,17,1
20278,23,1,4,24,1
20279,1,1,4,24,1
20280,10,6,4,29,1
20283,0,1,4,10,1
20286,23,5,4,21,1
20287,5,7,4,23,1
20288,20,1,5,8,1
20289,5,1,5,8,1
20292,22,7,5,21,1
20293,20,1,5,22,1
20294,2,1,5,22,1
20296,17,3,5,10,1
20299,3,1,5,29,1
20300,7,1,6,5,1
20301,4,5,6,9,1
20302,23,5,6,9,1
20311,1,1,6,26,1
20312,20,4,5,4,1
20315,2,7,7,9,1
20316,8,2,7,11,1
20317,4,2,7,25,1
20318,3,4,8,3,1
20319,2,1,8,14,1
20320,0,1,8,14,1
20322,23,5,7,14,1
20323,0,6,8,12,1
20324,23,1,8,21,1
20327,2,7,8,27,1
20332,2,7,9,3,1
20333,1,7,9,17,1
20334,2,1,9,25,1
20335,2,3,8,2,1
20338,1,4,9,14,1
20339,2,4,9,28,1
20342,7,7,10,1,1
20343,2,1,10,2,1
20344,0,4,10,5,1
20348,3,1,8,28,1
20350,22,1,9,18,1
20351,2,7,9,24,1
20354,8,1,9,25,1
20359,16,7,10,22,1
20361,1,7,10,22,1
20365,6,7,10,22,1
20367,2,1,10,30,1
20370,3,1,11,13,1
20384,0,1,12,18,1
20392,0,1,11,6,1
20395,2,1,10,30,1
20396,1,5,11,17,1
20397,4,7,12,17,1
20398,21,2,1,10,1
20399,0,4,3,23,1
20401,19,1,7,31,1
20403,3,1,9,25,1
20408,21,7,9,10,1
20412,2,1,1,23,1
20415,8,7,2,12,1
20417,0,1,2,27,1
20419,4,4,3,2,1
20420,4,7,3,5,1
20421,2,5,3,3,1
20424,22,2,3,7,1
20425,2,1,4,17,1
20426,22,3,4,19,1
20427,0,5,4,21,1
20429,1,1,4,24,1
20430,4,7,5,7,1
20431,1,1,5,22,1
20432,2,1,6,5,1
20433,19,4,6,8,1
20434,2,3,6,14,1
20435,1,2,5,23,1
20436,7,7,6,18,1
20437,17,5,6,30,1
20438,2,7,7,16,1
20439,23,1,7,17,1
20440,19,2,7,25,1
20444,0,1,8,14,1
20445,1,6,8,19,1
20446,23,5,9,15,1
20448,13,3,10,18,1
20450,2,5,10,20,1
20451,18,1,11,6,1
20452,1,3,11,8,1
20453,21,6,11,11,1
20456,23,7,12,17,1
20461,23,6,3,4,1
20462,1,7,3,12,1
20467,21,4,4,13,1
20468,21,7,4,16,1
20469,11,7,4,23,1
20470,18,7,5,7,1
20472,0,7,1,1,1
20474,0,1,7,17,1
20475,23,5,7,21,1
20476,2,7,8,6,1
20477,1,7,8,27,1
20478,1,7,8,13,1
20483,2,6,9,30,1
20485,2,1,10,2,1
20486,23,6,10,21,1
20495,18,3,5,10,1
20496,6,7,6,4,1
20498,11,5,7,7,1
20500,9,1,9,4,1
20501,2,7,9,10,1
20504,3,7,11,19,1
20505,23,5,1,20,1
20507,3,1,3,20,1
20511,2,5,5,5,1
20516,22,2,6,13,1
20517,3,3,7,5,1
20518,22,7,7,16,1
20522,3,1,8,14,1
20528,3,3,11,22,1
20534,14,7,6,4,1
20535,23,7,6,18,1
20536,22,1,7,17,1
20537,2,1,7,24,1
20538,20,5,7,28,1
20539,14,2,8,29,1
20540,16,2,9,12,1
20542,23,3,10,11,1
20543,17,7,10,29,1
20544,20,2,4,18,1
20548,21,1,3,6,1
20549,21,3,5,17,1
20553,3,6,6,24,1
20555,6,7,7,30,1
20559,20,7,9,24,1
20560,0,1,7,3,1
20563,23,7,12,10,1
20567,22,6,7,15,1
20569,15,1,1,16,1
20570,18,3,1,18,1
20577,2,5,3,3,1
20579,3,1,4,17,1
20580,22,5,4,28,1
20583,20,6,6,24,1
20584,5,1,6,12,1
20585,10,7,7,23,1
20592,2,2,10,31,1
20593,1,7,9,24,1
20595,0,3,10,25,1
20599,5,3,11,1,1
20604,0,6,11,11,1
20607,4,6,1,28,1
20608,2,7,1,29,1
20611,4,1,3,13,1
20613,3,7,3,26,1
20614,3,1,4,10,1
20617,20,4,6,1,1
20619,23,7,7,23,1
20620,14,7,8,20,1
20621,0,3,8,23,1
20622,17,3,8,23,1
20623,21,3,8,23,1
20624,2,7,8,27,1
20626,16,3,10,4,1
20627,18,5,10,13,1
20628,11,6,10,14,1
20629,14,7,10,29,1
20630,19,1,10,30,1
20631,6,7,11,5,1
20634,2,2,1,10,1
20638,2,4,1,5,1
20644,5,7,1,15,1
20646,18,6,1,28,1
20649,1,4,2,9,1
20650,99,6,2,4,1
20652,4,6,2,18,1
20653,2,2,2,21,1
20654,2,1,2,27,1
20658,23,5,3,17,1
20664,2,7,3,26,1
20665,15,1,4,3,1
20668,21,6,4,15,1
20669,20,7,4,30,1
20670,99,7,4,30,1
20671,5,1,5,1,1
20678,1,7,4,23,1
20679,3,7,4,23,1
20682,1,7,5,14,1
20685,1,1,5,22,1
20688,16,5,5,26,1
20692,2,4,4,27,1
20693,1,1,5,15,1
20694,5,7,5,21,1
20703,3,6,6,10,1
20704,5,7,6,18,1
20707,19,3,6,14,1
20709,0,3,6,21,1
20710,19,4,6,29,1
20711,19,5,6,9,1
20714,1,2,7,18,1
20721,2,1,8,7,1
20723,23,5,7,21,1
20724,5,7,7,2,1
20727,17,4,7,6,1
20728,19,4,7,6,1
20733,21,7,6,18,1
20735,2,1,6,26,1
20739,1,4,7,27,1
20740,3,7,7,30,1
20744,18,6,7,29,1
20746,15,6,8,26,1
20747,1,5,9,1,1
20748,20,1,9,4,1
20753,22,6,9,9,1
20756,22,1,9,11,1
20761,4,7,9,10,1
20762,1,7,9,17,1
20767,7,5,10,13,1
20768,23,7,10,15,1
20774,0,5,9,15,1
20775,99,6,9,16,1
20776,0,3,9,20,1
20778,2,1,10,2,1
20779,20,3,10,4,1
20782,16,7,10,8,1
20783,3,1,10,9,1
20792,17,2,9,19,1
20793,22,6,9,9,1
20795,2,7,10,29,1
20796,6,1,4,17,1
20809,2,7,12,10,1
20812,0,1,11,27,1
20814,0,6,12,2,1
20815,21,6,12,16,1
20820,0,7,9,10,1
20824,18,3,2,22,1
20825,99,7,12,31,1
20829,22,7,12,24,1
20831,23,7,9,3,1
20832,2,7,5,21,1
20834,19,4,1,26,1
20836,3,1,3,20,1
20837,7,7,4,16,1
20841,3,1,5,1,1
20842,20,1,5,29,1
20843,23,1,5,29,1
20844,1,2,6,27,1
20845,3,1,7,3,1
20846,6,7,7,16,1
20847,2,6,7,22,1
20848,16,6,7,29,1
20849,3,7,7,30,1
20850,0,2,8,15,1
20852,1,7,9,10,1
20855,2,7,10,22,1
20856,23,7,12,10,1
20857,2,7,1,1,1
20858,2,6,1,7,1
20859,5,7,1,22,1
20860,2,1,4,10,1
20862,13,7,7,9,1
20864,2,1,11,6,1
20866,3,5,8,11,1
20867,22,6,5,13,1
20868,1,2,11,7,1
20869,3,7,11,26,1
20870,2,7,12,10,1
20873,1,7,3,26,1
20876,5,7,10,15,1
20877,13,3,12,13,1
20879,7,3,5,24,1
20880,2,2,1,3,1
20881,4,3,1,11,1
20883,21,7,1,29,1
20886,20,5,1,27,1
20892,22,1,1,23,1
20894,1,2,1,24,1
20899,5,7,1,1,1
20901,1,4,2,23,1
20902,3,5,3,24,1
20906,1,2,5,9,1
20907,23,6,5,13,1
20908,0,7,4,16,1
20910,0,7,2,26,1
20915,4,7,5,21,1
20916,22,1,6,5,1
20917,1,1,5,22,1
20918,4,3,5,31,1
20922,2,1,6,12,1
20923,23,5,6,16,1
20927,2,6,5,27,1
20928,3,1,6,26,1
20929,1,7,4,16,1
20930,22,4,5,11,1
20934,2,4,7,13,1
20935,5,1,7,17,1
20936,3,3,7,19,1
20937,2,5,7,28,1
20939,23,7,7,23,1
20941,1,6,6,24,1
20942,4,3,8,30,1
20943,8,5,9,1,1
20946,0,4,8,31,1
20949,2,3,8,9,1
20953,2,7,4,16,1
20964,4,5,11,24,1
20965,0,5,11,24,1
20969,2,5,12,8,1
20971,0,1,12,18,1
20977,0,1,10,2,1
20981,2,6,11,18,1
20984,2,5,12,8,1
20987,12,6,8,5,1
20989,1,5,1,13,1
20991,20,6,1,21,1
20992,20,7,1,29,1
20995,2,7,2,19,1
20998,3,7,3,19,1
21000,20,7,4,23,1
21002,21,2,5,30,1
21004,22,6,5,20,1
21005,23,2,5,30,1
21008,4,6,8,5,1
21010,0,1,8,7,1
21016,21,1,11,6,1
21017,2,7,8,27,1
21018,5,7,12,3,1
21019,1,1,12,11,1
21020,1,4,12,14,1
21023,1,1,1,2,1
21024,23,4,1,12,1
21034,2,7,12,3,1
21037,2,5,4,14,1
21039,2,1,9,18,1
21040,3,1,8,14,1
21042,0,1,10,16,1
21043,19,3,11,8,1
21044,2,2,1,10,1
21048,0,2,3,7,1
21051,19,7,3,26,1
21052,5,1,4,10,1
21054,20,7,5,7,1
21057,2,6,5,20,1
21058,22,1,4,17,1
21059,2,5,5,12,1
21060,4,6,6,3,1
21062,23,5,6,9,1
21063,17,2,7,25,1
21065,1,4,6,29,1
21067,20,2,7,4,1
21068,19,1,7,24,1
21069,6,1,7,17,1
21072,1,2,9,5,1
21074,8,7,9,24,1
21076,19,4,8,17,1
21080,5,1,10,9,1
21081,16,4,9,28,1
21082,3,1,10,30,1
21083,5,1,10,30,1
21084,21,5,9,15,1
21086,22,3,10,11,1
21089,1,7,12,10,1
21093,1,7,12,17,1
21094,21,3,11,8,1
21096,6,7,1,1,1
21102,4,1,4,3,1
21104,2,7,5,14,1
21105,3,4,5,4,1
21107,4,1,5,22,1
21109,5,5,6,2,1
21113,1,6,8,26,1
21114,22,7,8,27,1
21115,12,2,10,3,1
21116,19,7,11,12,1
21117,3,1,11,20,1
21119,4,2,12,26,1
21120,2,1,3,6,1
21121,2,1,4,24,1
21126,2,5,11,3,1
21128,2,1,2,13,1
21129,23,6,2,4,1
21130,0,4,4,20,1
21131,2,3,5,3,1
21132,3,1,5,8,1
21133,4,1,5,22,1
21136,22,7,7,30,1
21138,4,7,8,6,1
21141,23,4,10,19,1
21144,3,4,12,28,1
21145,3,5,2,10,1
21147,1,1,4,17,1
21151,2,7,7,16,1
21152,2,1,7,17,1
21157,7,7,8,13,1
21159,1,3,8,16,1
21161,12,7,8,27,1
21166,4,7,11,19,1
21167,4,5,11,24,1
21168,14,6,12,2,1
21169,0,5,12,1,1
21170,23,5,12,1,1
21173,22,7,2,19,1
21176,2,1,2,27,1
21177,22,2,2,28,1
21179,0,1,4,10,1
21180,6,1,3,27,1
21181,22,5,5,19,1
21183,10,7,6,11,1
21184,1,2,6,20,1
21185,99,3,6,21,1
21187,19,4,1,19,1
21188,6,1,6,12,1
21189,18,7,7,9,1
21191,22,7,7,23,1
21192,22,7,7,30,1
21193,4,1,7,31,1
21196,2,6,7,1,1
21199,0,7,9,17,1
21201,21,7,9,24,1
21202,2,1,9,25,1
21203,99,5,9,1,1
21207,3,6,12,16,1
21209,22,7,2,5,1
21211,21,2,3,28,1
21212,20,1,6,5,1
21214,0,6,6,24,1
21215,15,2,8,22,1
21217,0,3,7,19,1
21218,23,6,1,21,1
21220,22,6,1,21,1
21223,21,6,2,4,1
21226,16,2,4,4,1
21228,1,4,7,13,1
21229,0,5,6,23,1
21231,3,6,6,3,1
21232,2,1,8,7,1
21234,0,3,7,26,1
21236,4,6,8,12,1
21237,23,1,8,28,1
21238,23,6,9,16,1
21240,2,7,10,22,1
21243,7,6,9,30,1
21246,2,1,11,27,1
21247,1,5,12,1,1
21249,4,7,12,17,1
21250,2,1,7,3,1
21251,23,6,12,2,1
21253,5,7,7,16,1
21254,2,7,4,9,1
21255,0,1,9,18,1
21258,3,7,12,24,1
21260,21,4,2,23,1
21263,2,2,1,24,1
21268,14,5,3,3,1
21270,2,6,3,18,1
21278,20,7,4,9,1
21280,13,2,5,2,1
21284,2,6,5,13,1
21288,0,2,6,6,1
21291,2,2,6,20,1
21292,16,7,7,2,1
21293,2,6,7,8,1
21294,2,7,7,9,1
21300,1,7,8,6,1
21304,0,2,8,29,1
21305,20,5,9,1,1
21306,3,7,9,3,1
21308,0,5,9,15,1
21312,23,6,10,21,1
21319,18,4,5,25,1
21326,19,2,7,25,1
21327,0,7,7,30,1
21328,19,7,9,10,1
21334,16,6,10,28,1
21335,3,7,10,29,1
21336,16,4,11,23,1
21337,22,6,11,25,1
21338,2,3,12,6,1
21339,1,7,1,22,1
21341,23,7,2,19,1
21344,14,4,5,4,1
21345,18,6,5,6,1
21346,2,4,5,18,1
21351,1,3,6,21,1
21352,19,3,6,21,1
21353,7,1,7,24,1
21354,17,3,7,26,1
21355,0,2,8,8,1
21357,22,2,10,3,1
21358,3,2,10,10,1
21360,1,4,11,30,1
21364,18,1,1,30,1
21367,21,3,2,15,1
21369,23,7,2,12,1
21371,4,1,4,10,1
21373,1,7,4,9,1
21375,5,2,5,16,1
21378,0,6,4,1,1
21382,19,2,6,20,1
21383,22,3,6,21,1
21386,0,1,6,26,1
21389,23,5,8,4,1
21390,5,7,7,23,1
21391,5,1,8,28,1
21393,14,5,8,18,1
21394,23,3,8,16,1
21397,3,7,10,8,1
21398,0,2,10,17,1
21402,5,1,12,18,1
21404,0,4,4,13,1
21406,3,1,8,21,1
21415,19,6,7,15,1
21419,16,1,2,6,1
21420,19,7,3,12,1
21421,4,3,3,15,1
21425,4,1,4,3,1
21427,3,1,6,5,1
21428,1,3,6,21,1
21437,0,1,3,27,1
21438,1,5,5,26,1
21442,1,1,1,30,1
21445,2,6,3,4,1
21450,0,2,5,2,1
21454,16,4,5,25,1
21456,0,4,6,8,1
21457,1,5,6,16,1
21459,1,3,6,7,1
21460,2,3,8,9,1
21464,3,1,7,10,1
21465,1,3,10,11,1
21466,2,4,8,17,1
21467,1,7,10,8,1
21470,2,1,11,13,1
21475,7,3,3,29,1
21476,20,6,4,1,1
21477,19,6,1,14,1
21478,2,5,1,13,1
21480,1,2,1,24,1
21482,19,1,2,13,1
21488,1,7,3,26,1
21498,3,7,4,2,1
21499,3,1,4,10,1
21500,19,3,6,21,1
21502,3,7,6,18,1
21503,2,7,6,18,1
21504,3,2,7,4,1
21505,4,1,6,26,1
21507,18,2,7,4,1
21509,7,6,8,12,1
21512,5,4,8,17,1
21514,4,1,9,11,1
21515,4,1,9,11,1
21516,8,3,9,13,1
21518,18,7,10,15,1
21522,0,1,11,20,1
21526,2,1,11,13,1
21527,3,5,12,22,1
21531,1,7,2,19,1
21533,1,7,2,26,1
21534,7,1,2,20,1
21536,22,7,3,5,1
21543,1,7,4,16,1
21544,6,1,4,10,1
21545,18,6,4,8,1
21546,22,2,5,2,1
21551,4,6,6,17,1
21553,21,6,6,10,1
21554,3,6,6,10,1
21556,5,1,7,24,1
21560,0,1,7,17,1
21561,23,7,7,9,1
21563,6,7,8,6,1
21564,18,6,9,9,1
21570,2,5,9,1,1
21574,1,1,7,31,1
21578,4,1,10,2,1
21580,3,7,10,22,1
21586,0,1,11,27,1
21588,2,1,12,4,1
21590,23,3,12,20,1
21596,6,6,9,23,1
21603,20,5,4,14,1
21605,4,7,3,19,1
21608,23,3,4,26,1
21610,0,2,6,6,1
21614,23,1,6,26,1
21616,23,3,8,9,1
21618,6,7,7,16,1
21621,16,1,9,18,1
21625,5,7,9,17,1
21626,22,6,8,19,1
21627,1,6,7,1,1
21630,1,2,11,7,1
21631,2,1,11,27,1
21632,0,7,11,19,1
21635,2,7,11,19,1
21645,1,6,5,6,1
21649,2,1,5,15,1
21650,21,1,5,29,1
21653,18,3,6,28,1
21658,3,1,7,24,1
21662,7,6,8,5,1
21663,22,7,8,27,1
21665,21,7,8,27,1
21666,23,7,8,27,1
21667,2,1,9,11,1
21668,1,4,9,7,1
21669,5,4,7,27,1
21671,2,7,10,1,1
21676,5,1,11,13,1
21679,3,6,1,28,1
21685,2,7,6,11,1
21690,16,4,9,28,1
21700,0,5,12,29,1
21702,4,7,1,1,1
21706,21,3,2,22,1
21707,23,6,2,25,1
21709,2,3,3,15,1
21710,1,1,3,20,1
21711,2,1,4,3,1
21713,4,1,5,8,1
21714,1,1,5,22,1
21717,1,7,6,18,1
21719,0,7,5,28,1
21721,3,1,5,22,1
21723,21,2,6,20,1
21727,0,5,7,14,1
21729,2,1,8,14,1
21732,2,7,8,27,1
21734,0,6,8,19,1
21735,22,6,8,26,1
21736,2,1,8,21,1
21738,1,1,9,18,1
21739,0,1,9,11,1
21740,0,1,9,25,1
21742,3,7,10,22,1
21744,7,6,11,11,1
21746,2,1,10,16,1
21747,22,7,11,12,1
21748,3,7,11,19,1
21749,1,7,12,17,1
21750,2,4,12,14,1
21751,1,7,12,3,1
21752,14,3,11,1,1
21753,1,5,12,22,1
21754,18,1,12,18,1
21759,2,7,2,26,1
21760,3,6,4,8,1
21764,2,1,1,16,1
21765,12,7,1,22,1
21767,2,7,2,12,1
21770,1,6,3,11,1
21771,22,3,3,22,1
21774,6,7,4,23,1
21776,21,1,5,1,1
21777,3,1,5,1,1
21778,0,1,5,1,1
21779,4,7,5,7,1
21780,22,6,5,13,1
21783,2,3,5,24,1
21784,21,3,5,24,1
21785,0,7,5,28,1
21788,16,1,7,3,1
21790,23,7,7,9,1
21791,23,6,8,5,1
21792,0,1,8,14,1
21793,23,2,8,22,1
21794,5,2,8,29,1
21796,2,1,9,11,1
21800,22,7,10,8,1
21803,3,6,10,21,1
21804,20,4,10,26,1
21806,11,7,10,22,1
21810,13,4,11,30,1
21811,2,7,12,17,1
21813,0,4,1,5,1
21814,13,7,3,26,1
21815,21,1,9,4,1
21817,7,4,9,28,1
21821,23,5,1,6,1
21828,99,7,4,23,1
21831,21,2,4,25,1
21834,20,7,6,4,1
21835,9,2,6,27,1
21838,21,1,6,26,1
21839,13,2,7,4,1
21845,6,1,8,14,1
21848,5,7,10,8,1
21851,3,1,11,13,1
21852,23,6,11,11,1
21855,20,4,12,14,1
21856,23,2,10,3,1
21861,2,7,1,1,1
21862,2,7,1,8,1
21865,2,7,1,22,1
21866,2,1,1,23,1
21869,3,7,1,29,1
21874,7,7,2,12,1
21875,5,1,2,13,1
21882,10,7,3,5,1
21884,8,1,2,13,1
21886,0,7,3,12,1
21890,0,7,2,19,1
21893,0,5,3,3,1
21898,2,7,4,2,1
21900,4,7,4,9,1
21903,21,7,4,16,1
21906,19,6,4,22,1
21911,0,6,4,29,1
21912,22,5,5,5,1
21913,2,1,5,8,1
21914,3,2,5,9,1
21916,19,2,5,23,1
21918,22,6,5,27,1
21920,4,7,5,7,1
21921,7,7,5,21,1
21925,2,4,6,1,1
21926,0,6,6,3,1
21927,1,4,6,8,1
21929,0,6,6,10,1
21930,1,6,6,17,1
21933,2,1,5,15,1
21934,20,7,6,11,1
21940,23,7,4,23,1
21942,23,2,7,18,1
21943,9,5,7,21,1
21945,3,6,7,29,1
21947,2,7,4,9,1
21948,3,1,7,3,1
21952,23,5,7,21,1
21953,1,7,7,23,1
21954,2,7,7,23,1
21955,22,3,8,9,1
21957,3,6,5,20,1
21961,4,7,5,21,1
21968,2,7,7,30,1
21969,2,7,9,10,1
21970,1,1,9,11,1
21971,1,5,9,22,1
21972,0,6,9,30,1
21973,0,1,9,18,1
21974,14,2,9,26,1
21975,3,1,10,2,1
21977,21,6,10,14,1
21978,1,7,10,1,1
21979,0,1,10,16,1
21982,4,7,10,15,1
21983,6,1,10,30,1
21985,0,7,7,2,1
21986,1,4,10,26,1
21987,23,3,11,1,1
21989,0,5,11,3,1
21990,3,4,11,9,1
21991,15,6,8,26,1
21992,4,1,10,23,1
21993,20,7,10,29,1
21994,2,7,10,29,1
21996,0,3,11,1,1
21997,1,2,11,7,1
21999,5,7,10,15,1
22000,22,4,11,23,1
22001,2,2,11,14,1
22004,21,6,11,25,1
22005,3,6,12,9,1
22007,5,7,10,29,1
22008,21,3,11,29,1
22010,2,1,12,18,1
22011,5,1,12,11,1
22021,4,2,12,12,1
22022,3,6,1,28,1
22023,3,1,5,22,1
22024,1,6,3,4,1
22026,0,5,10,27,1
22030,0,2,1,3,1
22031,1,7,1,22,1
22033,2,7,2,12,1
22034,4,7,2,19,1
22035,4,4,2,23,1
22036,21,6,2,25,1
22039,18,2,4,18,1
22040,1,5,4,21,1
22042,17,5,4,21,1
22043,23,5,5,12,1
22044,0,7,5,14,1
22045,1,7,5,28,1
22046,2,4,5,18,1
22047,0,6,6,3,1
22048,6,7,7,9,1
22049,1,7,7,9,1
22050,16,1,7,10,1
22051,23,6,7,22,1
22055,12,1,8,21,1
22056,3,4,8,17,1
22057,20,4,8,31,1
22058,0,7,9,3,1
22059,0,6,6,17,1
22060,0,2,9,26,1
22061,4,7,10,8,1
22062,1,1,10,9,1
22065,11,4,11,9,1
22071,3,6,3,25,1
22073,17,3,5,24,1
22078,3,1,8,28,1
22079,17,5,8,11,1
22081,18,6,8,26,1
22082,0,1,8,28,1
22083,2,5,9,8,1
22084,2,4,9,14,1
22085,1,3,9,20,1
22089,20,6,10,7,1
22090,13,2,10,24,1
22094,3,7,12,17,1
22096,7,1,2,13,1
22101,5,7,6,25,1
22102,22,6,8,5,1
22104,14,4,9,14,1
22106,23,5,10,20,1
22108,15,1,12,18,1
22110,18,7,1,22,1
22112,1,7,3,19,1
22117,0,6,5,27,1
22120,2,1,7,10,1
22122,2,7,7,30,1
22124,1,2,8,22,1
22131,6,7,9,10,1
22133,17,7,10,29,1
36434,23,3,1,4,1
36438,22,2,1,17,1
36440,15,7,1,8,1
36441,3,6,1,7,1
36447,21,6,1,28,1
36460,6,7,2,19,1
36470,21,7,4,2,1
36471,6,7,4,2,1
36483,23,1,6,12,1
36498,13,2,7,25,1
36516,23,6,11,11,1
36526,6,2,12,5,1
36529,16,6,12,30,1
36534,22,7,10,8,1
36537,8,3,5,10,1
36539,1,7,5,7,1
36626,16,7,11,12,1
36649,23,6,4,29,1
36664,18,5,7,21,1
36667,16,3,8,2,1
36671,9,2,9,5,1
36704,22,5,1,27,1
36709,14,3,2,1,1
36732,1,3,3,15,1
36768,21,2,5,9,1
36774,4,7,4,16,1
36823,2,1,6,12,1
36877,12,2,7,25,1
36892,21,1,8,28,1
36916,19,4,8,31,1
36917,4,1,9,11,1
36921,17,4,9,28,1
36967,19,6,12,9,1
36980,0,3,12,27,1
36985,18,2,11,14,1
37045,9,1,5,29,1
37063,19,7,8,27,1
37067,21,5,10,20,1
37093,3,5,7,28,1
37094,15,6,8,26,1
37108,4,1,10,9,1
37115,4,6,4,29,1
37117,19,6,7,1,1
37127,18,1,1,2,1
37129,1,6,1,14,1
37139,14,7,2,26,1
37158,23,3,2,8,1
37174,4,1,3,6,1
37218,9,5,2,3,1
37262,2,5,4,7,1
37291,1,1,7,17,1
37295,7,3,5,24,1
37300,8,2,8,8,1
37301,1,2,8,1,1
37302,13,7,8,6,1
37330,0,7,9,3,1
37350,12,4,9,21,1
37351,4,1,10,2,1
37352,21,7,7,9,1
37353,23,7,8,20,1
37382,17,2,11,14,1
37386,2,1,10,30,1
37392,2,6,7,29,1
37406,18,7,11,12,1
37421,14,4,11,2,1
37446,2,6,11,11,1
37458,12,7,10,22,1
37464,18,7,1,22,1
37490,4,1,3,13,1
37495,5,1,4,3,1
37503,20,2,2,14,1
37508,19,7,4,23,1
37514,14,2,5,23,1
37517,15,7,5,28,1
37522,21,7,6,11,1
37524,2,1,6,12,1
37540,23,6,7,29,1
37543,1,4,8,3,1
37545,4,1,8,14,1
37550,10,7,8,13,1
37560,2,3,8,30,1
37562,17,4,9,14,1
37573,22,7,10,22,1
37583,99,7,7,2,1
37586,4,7,11,26,1
37589,5,1,8,28,1
37623,13,4,7,20,1
37646,3,7,12,24,1
37667,5,7,1,1,1
37669,5,4,5,4,1
37702,15,4,7,13,1
37712,21,3,9,20,1
37741,6,3,10,25,1
37746,14,6,1,21,1
37756,10,3,1,4,1
37766,4,1,7,10,1
37769,2,1,7,17,1
37772,1,7,7,23,1
37774,14,7,7,30,1
37776,3,5,8,11,1
37780,19,6,9,16,1
37781,15,5,9,22,1
37782,4,4,9,28,1
37792,15,6,11,18,1
37793,23,1,12,18,1
37804,14,2,3,14,1
37808,5,7,3,26,1
37812,19,1,5,15,1
37813,4,6,4,29,1
37816,17,1,5,22,1
37819,0,7,6,4,1
37825,13,7,9,24,1
37836,0,6,11,18,1
37837,22,1,11,20,1
37842,1,7,12,31,1
37845,2,7,1,29,1
37847,13,6,2,18,1
37856,18,6,2,25,1
37879,0,5,10,6,1
37885,15,7,11,5,1
37886,15,5,11,10,1
37887,13,4,11,16,1
37890,1,2,11,21,1
37895,9,3,12,27,1
37952,18,5,8,4,1
37962,18,7,11,5,1
37980,17,2,2,14,1
37997,1,2,6,13,1
37998,19,5,6,16,1
38010,23,7,7,23,1
38017,3,7,7,30,1
38022,16,5,6,30,1
38031,4,2,10,17,1
38035,19,7,9,24,1
38127,4,5,3,10,1
38137,12,6,10,7,1
38145,17,3,3,8,1
38146,0,7,3,26,1
38148,14,6,9,9,1
38159,18,3,7,12,1
38163,1,7,8,13,1
38166,1,4,6,8,1
38172,21,7,12,10,1
38204,15,7,5,7,1
38206,12,2,5,30,1
38224,17,1,8,21,1
38240,20,3,6,14,1
38244,22,3,8,16,1
38248,19,4,7,20,1
38254,5,6,10,21,1
38266,17,1,11,6,1
38274,12,1,12,11,1
38322,1,5,1,27,1
38332,7,4,2,9,1
38334,11,3,2,15,1
38341,14,1,3,6,1
38342,4,2,3,7,1
38348,18,3,3,29,1
38354,2,1,5,8,1
38355,0,7,5,14,1
38359,22,4,6,15,1
38360,7,7,6,18,1
38361,6,5,6,23,1
38365,16,6,7,29,1
38367,5,7,7,30,1
38369,19,7,7,30,1
38371,5,2,8,1,1
38383,19,7,6,18,1
38389,16,1,10,2,1
38399,3,7,11,19,1
38402,19,6,11,25,1
38404,21,5,12,15,1
38409,12,6,1,28,1
38448,7,4,7,20,1
38462,7,6,10,7,1
38468,1,6,9,30,1
38485,16,6,12,2,1
38488,12,3,12,27,1
38513,4,5,6,9,1
38528,3,1,3,20,1
38559,21,3,2,8,1
38628,20,3,4,12,1
38632,0,5,6,16,1
38638,0,3,10,11,1
38639,7,6,11,11,1
38670,21,3,2,15,1
38671,8,3,2,15,1
38684,1,7,3,19,1
38721,2,6,6,17,1
38726,23,4,7,6,1
38776,9,7,10,8,1
38802,18,4,8,31,1
38807,3,1,12,4,1
38810,22,6,12,9,1
38816,2,2,11,21,1
38829,22,1,1,30,1
38947,23,5,9,8,1
38968,21,2,10,17,1
39042,1,7,4,30,1
39055,16,2,5,23,1
39077,17,3,8,30,1
39096,0,1,10,16,1
39107,1,1,8,28,1
39185,3,7,7,9,1
39222,0,6,3,4,1
39235,11,7,3,5,1
39254,17,3,6,7,1
39263,20,5,5,12,1
39266,2,7,6,18,1
39301,10,5,7,21,1
39302,17,2,8,8,1
39323,13,6,10,28,1
39325,2,6,10,7,1
39344,20,5,11,3,1
39348,12,1,11,13,1
39388,8,2,3,7,1
39422,12,6,7,8,1
39423,22,2,8,1,1
39464,7,1,12,11,1
39493,13,5,10,20,1
39497,18,5,2,3,1
39498,11,1,2,6,1
39511,12,7,3,19,1
39514,2,6,4,22,1
39520,99,4,5,11,1
39524,16,4,5,25,1
39530,8,4,7,13,1
39532,15,4,6,29,1
39537,11,1,7,3,1
39540,0,2,8,1,1
39541,17,1,5,29,1
39542,21,5,6,30,1
39549,3,4,7,20,1
39554,13,2,8,29,1
39557,6,6,8,12,1
39560,7,4,8,17,1
39564,15,2,9,5,1
39569,20,3,11,1,1
39572,1,2,9,12,1
39575,12,7,11,12,1
39580,20,7,10,15,1
39587,3,2,6,13,1
39593,7,5,11,10,1
39607,18,4,1,5,1
39608,1,4,1,5,1
39609,17,4,1,5,1
39611,15,7,1,8,1
39621,7,2,1,24,1
39634,5,6,2,4,1
39642,0,7,2,19,1
39645,4,1,2,6,1
39657,1,4,3,16,1
39658,3,2,2,7,1
39662,18,1,3,6,1
39672,3,7,2,19,1
39673,9,1,2,20,1
39684,17,1,3,20,1
39695,18,2,3,7,1
39710,22,7,4,2,1
39726,4,7,4,23,1
39739,20,5,4,14,1
39741,16,6,4,1,1
39744,4,6,4,22,1
39747,0,7,4,23,1
39750,0,1,5,1,1
39751,20,4,5,4,1
39752,2,7,5,7,1
39756,3,4,5,11,1
39762,0,5,5,12,1
39763,7,5,3,17,1
39766,2,3,5,17,1
39768,13,7,5,21,1
39770,2,6,5,27,1
39778,6,3,5,17,1
39793,17,6,6,3,1
39799,19,1,6,5,1
39821,14,3,6,7,1
39827,6,6,6,24,1
39837,22,2,7,4,1
39851,19,6,7,15,1
39873,12,5,8,4,1
39879,10,4,8,10,1
39897,15,7,8,27,1
39902,17,6,4,22,1
39915,21,2,9,5,1
39927,19,5,9,22,1
39941,19,3,9,20,1
39946,22,1,9,18,1
39947,1,5,9,29,1
39949,11,7,10,1,1
39952,22,2,10,3,1
39953,20,3,10,4,1
39982,1,1,10,30,1
39986,17,4,10,5,1
39988,22,2,10,17,1
39989,3,1,10,30,1
39994,10,5,11,3,1
39996,15,6,11,11,1
39997,4,1,11,13,1
39998,12,1,11,13,1
40000,2,1,10,16,1
40003,2,2,10,24,1
40019,18,7,11,19,1
40044,7,3,11,1,1
40045,5,2,11,14,1
40048,21,3,12,6,1
40061,2,1,12,18,1
40062,14,5,12,22,1
40064,16,7,12,31,1
40066,14,4,12,7,1
40071,8,3,12,27,1
40076,23,7,12,31,1
40082,7,5,12,29,1
40087,17,2,6,27,1
40090,6,2,8,15,1
40091,21,4,11,9,1
40102,2,7,11,5,1
40103,2,7,1,22,1
40104,4,2,2,28,1
40112,5,3,3,1,1
40122,22,5,6,23,1
40124,4,3,8,23,1
40127,23,7,7,30,1
40128,2,3,2,15,1
40141,2,5,11,17,1
40191,16,3,9,27,1
40209,20,7,11,26,1
40242,19,7,8,13,1
40351,13,4,5,18,1
40366,14,2,4,11,1
40367,21,3,4,12,1
40374,14,5,6,2,1
40383,14,1,6,5,1
40389,8,3,5,31,1
40402,12,7,8,20,1
40406,3,7,9,17,1
40408,3,7,9,17,1
40409,14,1,9,25,1
40411,15,6,10,21,1
40413,6,6,10,21,1
40431,18,7,12,17,1
40443,3,3,10,18,1
40455,15,1,2,13,1
40468,23,1,4,3,1
40475,3,3,4,26,1
40482,21,2,6,27,1
40530,8,5,9,29,1
40538,2,7,10,15,1
40561,15,6,2,11,1
40567,15,1,4,3,1
40571,8,3,5,10,1
40586,15,6,7,29,1
40590,10,6,9,16,1
40596,6,3,11,22,1
40600,20,3,5,3,1
40620,4,3,2,1,1
40643,7,2,2,28,1
40693,22,3,5,24,1
40754,20,5,5,12,1
40770,4,3,7,26,1
40802,9,6,8,12,1
40804,13,5,9,15,1
40808,21,5,8,11,1
40825,20,5,9,22,1
40829,20,5,10,13,1
40862,11,1,10,23,1
40874,6,5,11,3,1
40930,15,4,12,7,1
40980,10,5,7,21,1
40991,8,3,8,23,1
41033,22,6,12,16,1
41035,3,7,5,14,1
41065,3,1,1,9,1
41081,11,7,3,19,1
41090,22,1,4,3,1
41093,0,1,3,20,1
41121,19,5,1,27,1
41136,12,3,4,12,1
41137,6,7,4,16,1
41183,2,3,6,21,1
41188,20,4,6,29,1
41204,15,6,3,18,1
41212,18,2,5,2,1
41215,3,3,6,28,1
41253,21,4,8,31,1
41274,16,2,9,19,1
41278,20,7,7,30,1
41286,9,7,10,15,1
41298,2,7,3,26,1
41316,12,3,10,25,1
41321,20,5,6,2,1
41374,23,6,12,30,1
41375,8,6,12,23,1
41383,22,1,12,25,1
41387,19,7,8,27,1
41394,13,4,12,14,1
41410,17,3,2,8,1
41416,4,7,1,29,1
41425,2,6,3,18,1
41431,22,4,4,20,1
41435,17,3,4,19,1
41436,0,4,4,20,1
41442,19,6,5,20,1
41450,7,2,6,20,1
41455,19,3,7,19,1
41457,12,5,6,2,1
41467,3,4,8,3,1
41472,15,4,8,24,1
41473,17,6,8,26,1
41478,21,5,8,11,1
41503,99,3,10,18,1
41510,17,4,9,7,1
41519,17,2,10,31,1
41525,13,4,8,17,1
41532,23,4,11,30,1
41546,0,2,12,19,1
41567,20,1,8,28,1
41576,23,5,10,20,1
41629,16,3,7,19,1
41678,9,7,2,26,1
41690,15,1,5,8,1
41695,20,2,5,16,1
41702,17,2,7,18,1
41712,2,6,9,2,1
41714,23,3,9,13,1
41741,12,5,3,10,1
41742,15,6,4,1,1
41752,14,5,6,30,1
41755,0,7,8,13,1
41762,7,7,5,28,1
41776,2,6,12,23,1
41784,12,6,2,4,1
41790,7,4,4,20,1
41810,3,4,7,20,1
41811,19,6,7,22,1
41815,18,4,8,31,1
41867,18,1,10,16,1
41883,0,1,1,2,1
41890,6,5,3,3,1
41892,19,3,4,5,1
41898,14,7,3,12,1
41902,18,7,5,28,1
41922,13,3,8,30,1
41924,11,4,8,24,1
41930,22,1,10,16,1
41936,19,3,9,6,1
41949,17,4,12,28,1
41951,23,1,10,2,1
41952,0,5,9,22,1
41977,2,6,5,6,1
41990,18,2,10,17,1
42023,22,7,1,15,1
42027,14,7,4,30,1
42034,18,5,8,11,1
42042,6,2,4,11,1
42043,15,6,8,5,1
42044,2,4,8,17,1
42045,2,6,2,11,1
42048,16,7,3,5,1
42059,19,3,8,2,1
42068,15,1,5,29,1
42096,23,7,3,26,1
42115,16,4,6,1,1
42131,1,1,7,10,1
42170,2,7,7,30,1
42172,9,3,10,11,1
42180,16,7,10,22,1
42249,5,1,2,20,1
42251,17,2,2,21,1
42259,7,3,4,12,1
42260,6,3,4,19,1
42261,17,3,4,19,1
42265,21,6,4,22,1
42270,8,5,5,19,1
42274,9,3,5,24,1
42276,15,6,5,27,1
42277,16,2,5,30,1
42283,7,2,6,20,1
42284,18,7,6,25,1
42286,20,3,7,5,1
42289,21,5,7,21,1
42295,5,2,8,22,1
42300,15,3,9,27,1
42303,11,4,10,19,1
42308,1,7,11,26,1
42312,3,6,12,30,1
42326,2,3,5,17,1
42356,1,7,7,23,1
42417,12,6,11,4,1
42455,18,7,5,28,1
42464,16,7,7,30,1
42478,19,1,6,19,1
42483,23,7,7,30,1
42521,2,7,11,26,1
42522,21,5,10,27,1
42526,3,7,11,26,1
42530,9,2,12,19,1
42535,7,5,9,29,1
42539,14,3,7,5,1
42540,5,2,10,31,1
42550,4,5,2,17,1
42646,5,6,8,19,1
42648,22,3,8,23,1
42650,3,1,8,21,1
42732,8,6,3,18,1
42770,8,6,6,10,1
42826,8,5,8,25,1
42833,11,1,10,30,1
42837,7,1,11,6,1
42898,12,2,5,9,1
42935,17,3,10,4,1
42988,15,4,4,6,1
43002,7,4,7,13,1
43063,21,4,1,12,1
43064,22,1,1,30,1
43086,13,5,3,3,1
43103,16,3,5,3,1
43116,1,7,5,14,1
43130,22,4,6,15,1
43138,11,6,6,3,1
43142,8,4,6,15,1
43152,3,6,8,5,1
43164,1,1,8,7,1
43165,17,4,8,10,1
43169,1,6,9,16,1
43172,20,5,9,1,1
43177,3,1,10,2,1
43185,18,7,9,24,1
43216,20,1,11,27,1
43217,1,4,10,26,1
43228,23,4,12,28,1
43244,14,7,12,31,1
43307,12,1,7,24,1
43336,20,1,9,18,1
43390,17,7,1,1,1
43406,2,6,3,4,1
43408,0,7,3,19,1
43409,19,7,3,19,1
43418,0,7,4,9,1
43421,3,6,5,13,1
43427,4,6,5,13,1
43428,15,7,6,11,1
43431,23,6,6,17,1
43439,23,7,7,9,1
43447,14,6,7,29,1
43448,1,1,7,31,1
43453,3,1,8,21,1
43464,17,6,8,26,1
43488,10,6,11,11,1
43521,6,3,2,8,1
43541,6,7,2,26,1
43547,14,5,3,10,1
43549,16,7,3,12,1
43556,13,7,2,12,1
43571,12,2,4,4,1
43572,19,3,1,18,1
43576,20,7,3,12,1
43578,15,4,3,16,1
43580,22,3,3,22,1
43582,11,6,3,25,1
43585,1,3,4,5,1
43612,4,7,4,16,1
43619,17,1,4,24,1
43632,19,1,5,8,1
43642,0,7,5,28,1
43659,4,5,5,26,1
43666,6,2,5,30,1
43670,16,5,6,2,1
43681,19,6,6,10,1
43682,0,6,6,10,1
43685,2,1,6,12,1
43688,12,2,6,20,1
43708,2,7,6,25,1
43710,19,3,6,28,1
43712,17,4,6,29,1
43730,20,5,7,7,1
43756,2,1,8,7,1
43776,11,3,8,30,1
43783,15,3,8,23,1
43785,17,5,8,25,1
43787,0,7,8,27,1
43798,4,3,9,6,1
43799,18,6,9,9,1
43804,23,6,9,2,1
43821,9,5,8,25,1
43825,22,7,9,24,1
43827,2,6,9,30,1
43828,7,5,9,29,1
43830,1,1,10,2,1
43834,1,7,10,8,1
43836,2,1,10,9,1
43837,23,1,10,9,1
43848,23,6,9,30,1
43852,6,3,10,11,1
43854,1,4,8,17,1
43855,21,5,9,1,1
43862,22,5,10,13,1
43863,2,6,10,14,1
43873,2,7,10,29,1
43878,10,1,11,6,1
43898,0,7,11,5,1
43900,19,7,11,5,1
43907,15,2,11,14,1
43911,7,1,11,27,1
43913,16,4,11,30,1
43925,20,3,11,29,1
43934,10,3,5,10,1
43938,7,6,11,25,1
43945,15,6,8,19,1
43947,2,6,12,9,1
43977,9,6,12,2,1
43989,7,4,8,31,1
43991,0,4,9,28,1
43998,21,2,9,26,1
44004,3,7,2,12,1
44006,5,5,1,6,1
44077,17,7,8,6,1
44080,17,6,8,12,1
44083,10,1,8,28,1
44098,4,3,11,1,1
44102,9,4,11,9,1
44107,3,1,12,11,1
44131,2,1,7,24,1
44182,3,7,7,9,1
44214,3,7,1,1,1
44248,2,7,11,19,1
44261,11,6,7,29,1
