,acchr,dayofweek
0,9,4
1,18,6
2,18,6
3,12,1
4,15,3
5,14,1
6,10,1
7,20,2
8,2,1
9,3,4
10,11,2
11,8,1
12,14,1
13,3,1
14,10,1
15,15,7
16,21,5
17,11,3
18,11,3
19,6,2
20,3,7
21,17,7
22,22,7
23,16,7
24,13,1
25,20,2
26,15,3
27,8,4
28,21,3
29,22,2
30,3,1
31,13,5
32,23,4
33,12,2
34,12,1
35,9,5
36,1,1
37,8,4
38,14,6
39,20,3
40,23,3
41,23,3
42,21,3
43,2,2
44,0,6
45,9,4
46,14,6
47,3,1
48,3,4
49,17,7
50,10,4
51,18,2
52,13,5
53,10,1
54,21,6
55,1,4
56,11,2
57,8,1
58,18,3
59,2,1
60,13,5
61,0,2
62,11,6
63,20,2
64,14,5
65,14,7
66,23,3
67,6,2
68,6,2
69,16,5
70,8,3
71,10,1
72,10,1
73,10,1
74,10,1
75,11,2
76,18,3
77,18,3
78,23,4
79,13,7
80,1,7
81,7,5
82,13,6
83,2,2
84,11,3
85,11,4
86,13,2
87,3,1
88,4,1
89,1,4
90,15,3
91,12,1
92,0,2
93,15,2
94,11,7
95,18,7
96,18,7
97,8,4
98,3,7
99,21,5
100,22,2
101,3,4
102,4,1
103,13,5
104,10,1
105,22,4
106,15,3
107,7,2
108,18,3
109,2,1
110,19,5
111,11,7
112,17,6
113,17,6
114,15,7
115,6,7
116,9,7
117,9,7
118,12,6
119,18,3
120,14,6
121,14,5
122,13,6
123,2,2
124,16,3
125,16,3
126,12,2
127,12,2
128,10,6
129,11,4
130,8,3
131,22,7
132,4,1
133,19,2
134,21,6
135,10,1
136,23,7
137,13,4
138,5,5
139,23,4
140,15,2
141,0,2
142,15,5
143,13,7
144,6,7
145,16,1
146,8,4
147,14,7
148,14,7
149,23,3
150,21,5
151,21,5
152,22,2
153,2,2
154,2,2
155,21,7
156,17,1
157,17,1
158,15,4
159,8,3
160,14,3
161,10,4
162,13,1
163,14,2
164,14,2
165,12,3
166,21,6
167,21,6
168,18,1
169,18,3
170,5,5
171,15,2
172,15,2
173,11,7
174,22,5
175,17,6
176,3,1
177,10,1
178,16,1
179,17,2
180,10,7
181,14,4
182,13,7
183,8,6
184,11,4
185,8,4
186,8,4
187,0,1
188,13,2
189,17,2
190,20,7
191,23,3
192,9,7
193,16,1
194,20,7
195,14,1
196,12,5
197,16,2
198,6,1
199,7,2
200,9,7
201,23,2
202,20,7
203,13,2
204,17,2
205,20,2
206,16,4
207,17,3
208,16,5
209,13,7
210,10,6
211,7,4
212,9,3
213,16,5
214,6,6
215,14,6
216,15,3
217,16,5
218,15,1
219,14,7
220,10,1
221,2,2
222,2,2
223,4,1
224,0,7
225,22,5
226,18,7
227,17,3
228,6,3
229,0,5
230,11,4
231,10,3
232,1,7
233,19,5
234,4,2
235,13,6
236,22,7
237,0,7
238,18,4
239,18,4
240,8,5
241,22,7
242,22,2
243,15,4
244,12,1
245,19,6
246,16,6
247,15,2
248,0,3
249,7,4
250,15,7
251,15,7
252,0,1
253,14,3
254,10,7
255,21,5
256,22,6
257,7,6
258,22,4
259,8,2
260,20,7
261,1,7
262,15,1
263,20,3
264,17,5
265,21,6
266,14,1
267,13,1
268,2,6
269,14,1
270,21,3
271,15,4
272,16,4
273,18,7
274,13,2
275,11,4
276,7,6
277,13,1
278,6,5
279,11,7
280,13,2
281,12,1
282,13,1
283,15,6
284,15,6
285,18,4
286,15,6
287,21,1
288,16,5
289,6,5
290,19,7
291,1,1
292,10,6
293,14,3
294,17,5
295,2,6
296,19,4
297,23,7
298,15,6
299,19,6
300,17,6
301,17,6
302,7,2
303,8,7
304,9,1
305,16,5
306,0,7
307,14,1
308,12,4
309,20,5
310,8,6
311,18,2
312,14,4
313,11,7
314,17,6
315,12,2
316,11,4
317,17,5
318,11,3
319,12,6
320,14,1
321,22,6
322,17,5
323,1,6
324,22,7
325,18,7
326,6,2
327,2,5
328,17,2
329,5,1
330,15,3
331,20,5
332,17,1
333,6,4
334,2,5
335,14,3
336,0,1
337,13,7
338,2,5
339,9,6
340,13,1
341,22,7
342,23,7
343,16,5
344,18,6
345,8,7
346,12,7
347,10,5
348,16,2
349,18,7
350,16,2
351,17,6
352,15,6
353,19,2
354,16,4
355,15,2
356,15,5
357,18,7
358,19,2
359,17,3
360,23,6
361,0,2
362,15,6
363,18,7
364,14,3
365,14,4
366,18,3
367,22,1
368,23,7
369,19,1
370,11,2
371,15,5
372,10,6
373,9,4
374,21,2
375,16,7
376,2,3
377,16,6
378,17,3
379,20,3
380,3,4
381,0,2
382,15,2
383,13,4
384,23,7
385,13,6
386,11,7
387,14,4
388,18,5
389,12,7
390,17,6
391,18,4
392,22,6
393,14,5
394,16,5
395,16,3
396,21,2
397,10,3
398,23,6
399,17,2
400,12,4
401,20,7
402,14,7
403,16,7
404,7,4
405,7,4
406,9,6
407,11,3
408,16,4
409,16,4
410,15,4
411,1,2
412,17,2
413,7,4
414,15,6
415,17,5
416,21,7
417,16,4
418,0,7
419,2,6
420,21,6
421,16,1
422,2,1
423,19,2
424,6,5
425,7,5
426,9,6
427,6,2
428,19,7
429,19,7
430,18,6
431,14,2
432,15,2
433,14,3
434,14,3
435,17,4
436,19,7
437,7,4
438,22,7
439,20,1
440,23,7
441,19,1
442,15,6
443,17,3
444,14,4
445,9,3
446,7,2
447,16,3
448,19,5
449,7,5
450,16,1
451,19,2
452,1,1
453,15,4
454,14,4
455,16,5
456,22,7
457,23,6
458,18,3
459,15,3
460,16,6
461,22,7
462,7,3
463,18,7
464,6,4
465,13,3
466,15,3
467,7,5
468,7,5
469,7,5
470,13,7
471,7,7
472,21,6
473,17,7
474,18,6
475,6,2
476,15,2
477,16,1
478,18,6
479,5,1
480,21,1
481,21,1
482,16,4
483,14,4
484,23,5
485,23,4
486,13,1
487,0,2
488,23,5
489,15,6
490,23,5
491,10,3
492,8,2
493,12,7
494,12,5
495,17,4
496,18,3
497,7,2
498,14,1
499,6,3
500,6,6
501,11,2
502,20,2
503,20,2
504,16,2
505,7,3
506,15,1
507,4,1
508,18,6
509,1,4
510,16,4
511,23,7
512,8,6
513,6,1
514,16,1
515,3,1
516,10,4
517,14,5
518,15,7
519,20,6
520,19,2
521,12,2
522,0,2
523,15,6
524,6,3
525,21,4
526,15,6
527,14,3
528,18,2
529,5,3
530,18,1
531,10,6
532,10,6
533,7,5
534,6,6
535,7,6
536,7,6
537,7,6
538,9,2
539,0,7
540,16,3
541,11,7
542,11,7
543,20,3
544,3,6
545,14,3
546,18,3
547,23,5
548,5,7
549,11,7
550,19,2
551,14,5
552,20,7
553,14,1
554,2,3
555,22,1
556,17,2
557,8,5
558,14,1
559,1,3
560,5,3
561,8,3
562,10,1
563,15,2
564,10,7
565,4,6
566,18,7
567,22,1
568,2,2
569,19,6
570,13,2
571,18,1
572,13,1
573,5,6
574,5,1
575,7,1
576,23,7
577,16,3
578,16,3
579,10,3
580,21,1
581,12,3
582,20,6
583,8,3
584,7,7
585,7,2
586,0,5
587,22,5
588,2,2
589,6,3
590,17,7
591,10,1
592,6,6
593,15,2
594,22,1
595,1,7
596,14,3
597,6,2
598,22,7
599,10,6
600,7,1
601,15,4
602,16,6
603,2,3
604,15,1
605,0,2
606,8,5
607,20,7
608,22,7
609,9,5
610,21,4
611,21,5
612,20,4
613,7,3
614,10,6
615,20,4
616,11,6
617,22,7
618,20,3
619,17,1
620,7,6
621,21,2
622,23,6
623,23,6
624,10,6
625,9,7
626,23,7
627,23,4
628,15,6
629,18,4
630,7,3
631,13,7
632,21,7
633,11,1
634,11,1
635,17,1
636,14,7
637,22,6
638,14,4
639,15,1
640,22,2
641,16,5
642,18,3
643,14,2
644,22,6
645,6,5
646,12,5
647,12,5
648,10,6
649,13,5
650,12,7
651,20,1
652,6,5
653,12,2
654,22,4
655,15,1
656,11,2
657,8,4
658,14,3
659,7,6
660,6,6
661,6,6
662,21,7
663,6,2
664,23,3
665,17,4
666,12,4
667,0,1
668,5,2
669,16,3
670,9,5
671,13,6
672,18,2
673,6,6
674,21,5
675,16,4
676,21,6
677,10,2
678,17,3
679,13,7
680,9,4
681,1,6
682,17,1
683,17,1
684,13,4
685,16,1
686,17,2
687,20,5
688,15,1
689,17,4
690,19,2
691,10,5
692,16,3
693,16,3
694,20,2
695,19,7
696,10,1
697,17,7
698,16,5
699,12,1
700,7,6
701,23,7
702,19,3
703,8,4
704,14,2
705,17,5
706,18,7
707,13,2
708,1,7
709,1,7
710,1,7
711,2,6
712,8,6
713,17,1
714,19,7
715,8,2
716,10,4
717,8,7
718,7,4
719,14,3
720,6,3
721,22,7
722,6,5
723,15,4
724,21,1
725,17,3
726,18,3
727,6,4
728,8,3
729,2,6
730,17,6
731,17,6
732,16,1
733,16,6
734,20,7
735,19,7
736,13,7
737,16,3
738,16,3
739,21,7
740,17,7
741,17,5
742,15,4
743,16,6
744,17,5
745,2,1
746,20,1
747,18,3
748,15,6
749,13,2
750,16,5
751,21,4
752,12,3
753,1,5
754,3,6
755,22,7
756,9,1
757,12,6
758,12,6
759,11,7
760,7,4
761,16,2
762,14,7
763,14,6
764,2,1
765,22,4
766,1,1
767,21,1
768,13,1
769,16,1
770,14,7
771,7,2
772,23,2
773,15,1
774,14,5
775,6,3
776,11,1
777,19,3
778,13,1
779,16,7
780,23,6
781,15,4
782,22,2
783,15,2
784,21,4
785,13,1
786,9,2
787,17,3
788,18,6
789,19,2
790,9,4
791,9,2
792,22,6
793,23,7
794,0,7
795,11,3
796,2,6
797,9,3
798,6,3
799,14,6
800,10,4
801,8,4
802,12,4
803,17,1
804,9,7
805,23,5
806,9,3
807,16,1
808,16,4
809,21,5
810,19,1
811,9,4
812,6,2
813,5,7
814,5,7
815,19,4
816,14,3
817,21,5
818,16,2
819,3,3
820,0,5
821,19,3
822,12,2
823,21,1
824,3,7
825,16,1
826,13,4
827,11,5
828,18,5
829,7,3
830,22,1
831,22,5
832,8,4
833,20,7
834,0,7
835,1,7
836,17,1
837,22,3
838,15,1
839,7,5
840,4,7
841,12,1
842,12,6
843,8,5
844,10,2
845,18,5
846,16,1
847,15,3
848,2,2
849,9,6
850,10,7
851,18,1
852,20,2
853,20,2
854,15,2
855,21,1
856,10,3
857,18,2
858,5,7
859,23,1
860,6,2
861,8,3
862,19,7
863,16,6
864,19,7
865,10,4
866,20,7
867,8,6
868,16,7
869,9,5
870,18,3
871,13,7
872,12,2
873,11,4
874,16,4
875,7,7
876,3,6
877,10,6
878,15,4
879,17,3
880,20,3
881,15,4
882,18,7
883,10,4
884,9,6
885,9,7
886,10,1
887,19,4
888,23,6
889,13,6
890,16,1
891,17,4
892,7,4
893,16,7
894,17,5
895,5,4
896,21,5
897,2,6
898,16,3
899,2,7
900,12,7
901,7,3
902,15,1
903,15,1
904,14,4
905,14,3
906,10,7
907,18,4
908,0,7
909,16,5
910,11,4
911,9,4
912,12,1
913,15,1
914,20,2
915,16,4
916,20,2
917,13,6
918,10,6
919,11,1
920,15,6
921,6,3
922,7,4
923,18,7
924,11,6
925,9,3
926,1,3
927,12,6
928,7,6
929,12,2
930,3,6
931,0,7
932,9,3
933,11,6
934,17,6
935,10,1
936,12,5
937,15,6
938,23,6
939,21,7
940,9,5
941,9,4
942,12,4
943,15,7
944,13,2
945,13,5
946,7,2
947,19,2
948,10,4
949,9,7
950,22,1
951,19,5
952,22,5
953,21,5
954,20,1
955,13,2
956,22,1
957,10,7
958,2,2
959,2,2
960,19,6
961,13,4
962,20,6
963,14,5
964,3,4
965,5,1
966,23,7
967,10,6
968,2,1
969,18,5
970,16,3
971,1,7
972,20,4
973,12,7
974,2,6
975,23,2
976,13,5
977,1,7
978,15,7
979,14,7
980,15,1
981,16,2
982,11,2
983,13,3
984,3,1
985,8,4
986,5,4
987,23,7
988,9,4
989,22,6
990,14,2
991,14,2
992,5,5
993,23,4
994,14,1
995,22,6
996,4,3
997,7,3
998,13,3
999,13,3
1000,2,3
1001,15,5
1002,19,1
1003,16,4
1004,20,6
1005,18,4
1006,14,3
1007,12,6
1008,20,1
1009,7,3
1010,0,2
1011,23,7
1012,22,5
1013,3,5
1014,7,6
1015,18,7
1016,2,4
1017,1,1
1018,20,7
1019,8,7
1020,23,4
1021,2,2
1022,16,3
1023,4,6
1024,17,4
1025,9,3
1026,9,3
1027,14,1
1028,16,4
1029,6,2
1030,18,4
1031,16,4
1032,10,4
1033,19,4
1034,22,6
1035,12,3
1036,16,3
1037,14,6
1038,0,1
1039,16,5
1040,12,4
1041,18,4
1042,0,2
1043,19,7
1044,3,5
1045,7,7
1046,12,1
1047,16,3
1048,4,3
1049,18,7
1050,16,2
1051,20,1
1052,4,7
1053,13,2
1054,4,2
1055,1,6
1056,19,7
1057,0,5
1058,16,4
1059,19,3
1060,10,1
1061,1,7
1062,21,1
1063,10,5
1064,13,3
1065,15,6
1066,2,3
1067,16,5
1068,9,1
1069,11,3
1070,17,5
1071,18,2
1072,1,7
1073,1,7
1074,12,2
1075,5,4
1076,10,3
1077,16,2
1078,18,4
1079,15,3
1080,10,4
1081,18,4
1082,19,7
1083,16,7
1084,17,6
1085,20,1
1086,14,7
1087,8,2
1088,12,4
1089,13,2
1090,18,5
1091,12,5
1092,6,4
1093,6,4
1094,7,2
1095,22,2
1096,13,7
1097,18,3
1098,16,2
1099,19,3
1100,10,5
1101,0,1
1102,2,6
1103,2,6
1104,6,4
1105,6,6
1106,16,5
1107,17,3
1108,16,3
1109,21,5
1110,21,4
1111,7,7
1112,19,2
1113,21,7
1114,12,3
1115,6,3
1116,9,4
1117,18,7
1118,15,6
1119,13,2
1120,0,3
1121,13,4
1122,1,6
1123,21,7
1124,14,2
1125,8,7
1126,23,4
1127,6,1
1128,6,3
1129,17,1
1130,17,7
1131,18,5
1132,9,5
1133,4,2
1134,16,6
1135,14,7
1136,7,3
1137,5,3
1138,6,5
1139,17,3
1140,5,3
1141,18,3
1142,19,5
1143,13,4
1144,6,4
1145,8,2
1146,8,2
1147,11,7
1148,21,4
1149,21,4
1150,21,4
1151,18,6
1152,0,1
1153,5,5
1154,10,6
1155,21,7
1156,7,7
1157,21,5
1158,7,4
1159,14,7
1160,13,5
1161,0,6
1162,3,6
1163,6,6
1164,5,7
1165,16,1
1166,18,1
1167,17,7
1168,7,2
1169,5,4
1170,1,5
1171,15,5
1172,11,7
1173,22,6
1174,19,6
1175,19,6
1176,19,6
1177,23,2
1178,2,6
1179,14,3
1180,8,4
1181,20,3
1182,17,3
1183,13,2
1184,11,4
1185,10,5
1186,16,1
1187,23,6
1188,4,1
1189,10,2
1190,11,1
1191,4,7
1192,17,1
1193,13,4
1194,16,2
1195,17,4
1196,7,4
1197,8,5
1198,4,7
1199,5,4
1200,5,7
1201,11,4
1202,16,3
1203,16,3
1204,18,5
1205,21,7
1206,6,4
1207,11,3
1208,11,4
1209,15,5
1210,3,6
1211,15,7
1212,18,4
1213,17,2
1214,18,7
1215,14,6
1216,14,7
1217,15,2
1218,3,3
1219,15,6
1220,14,3
1221,18,2
1222,19,7
1223,15,1
1224,11,6
1225,6,4
1226,8,7
1227,15,6
1228,9,6
1229,17,1
1230,13,7
1231,19,4
1232,19,1
1233,12,3
1234,13,5
1235,19,3
1236,20,5
1237,23,3
1238,12,1
1239,18,4
1240,15,4
1241,21,5
1242,10,7
1243,16,6
1244,19,3
1245,11,1
1246,19,4
1247,7,6
1248,0,6
1249,1,1
1250,18,2
1251,7,3
1252,18,2
1253,19,2
1254,1,7
1255,7,6
1256,11,6
1257,12,2
1258,17,1
1259,18,2
1260,6,5
1261,10,7
1262,3,7
1263,19,6
1264,17,7
1265,2,1
1266,5,4
1267,11,4
1268,19,6
1269,6,2
1270,11,2
1271,19,2
1272,17,6
1273,4,5
1274,19,6
1275,17,6
1276,8,2
1277,1,1
1278,21,7
1279,19,1
1280,9,7
1281,6,5
1282,12,7
1283,23,7
1284,7,2
1285,0,7
1286,8,3
1287,19,5
1288,16,2
1289,12,4
1290,8,6
1291,15,1
1292,16,4
1293,12,7
1294,18,5
1295,14,2
1296,17,7
1297,15,2
1298,16,2
1299,15,6
1300,18,6
1301,18,2
1302,15,3
1303,17,5
1304,8,5
1305,5,5
1306,10,4
1307,16,7
1308,21,5
1309,6,3
1310,2,6
1311,16,3
1312,15,2
1313,17,6
1314,16,7
1315,16,7
1316,7,3
1317,19,4
1318,6,3
1319,20,1
1320,15,5
1321,9,5
1322,8,6
1323,11,7
1324,14,2
1325,0,1
1326,9,3
1327,18,7
1328,14,2
1329,6,3
1330,14,7
1331,8,4
1332,10,1
1333,17,6
1334,11,7
1335,13,6
1336,5,4
1337,6,5
1338,18,7
1339,6,2
1340,15,6
1341,9,3
1342,18,7
1343,12,2
1344,12,2
1345,5,2
1346,14,3
1347,8,2
1348,7,2
1349,13,2
1350,15,3
1351,13,6
1352,15,6
1353,14,3
1354,14,3
1355,15,3
1356,12,7
1357,5,1
1358,11,3
1359,17,6
1360,13,4
1361,14,5
1362,20,7
1363,9,2
1364,14,3
1365,14,4
1366,17,4
1367,10,2
1368,19,7
1369,13,2
1370,18,2
1371,0,3
1372,5,3
1373,2,5
1374,13,3
1375,15,6
1376,15,5
1377,14,3
1378,2,7
1379,5,4
1380,22,5
1381,13,5
1382,9,6
1383,4,6
1384,13,7
1385,16,5
1386,15,5
1387,7,6
1388,4,6
1389,11,3
1390,11,4
1391,14,5
1392,4,6
1393,6,3
1394,6,5
1395,18,4
1396,19,1
1397,9,7
1398,23,7
1399,12,3
1400,10,7
1401,17,1
1402,7,5
1403,4,6
1404,17,6
1405,22,7
1406,14,6
1407,16,3
1408,3,7
1409,22,3
1410,22,3
1411,19,1
1412,15,5
1413,9,1
1414,9,1
1415,7,5
1416,9,1
1417,16,5
1418,20,5
1419,18,2
1420,6,3
1421,7,5
1422,15,5
1423,17,1
1424,17,3
1425,14,4
1426,14,4
1427,21,6
1428,7,5
1429,23,6
1430,20,4
1431,14,4
1432,0,7
1433,6,3
1434,15,2
1435,21,6
1436,21,3
1437,9,1
1438,22,4
1439,7,7
1440,15,6
1441,16,4
1442,4,3
1443,12,1
1444,10,1
1445,6,3
1446,6,3
1447,11,7
1448,20,7
1449,5,7
1450,8,6
1451,18,7
1452,3,2
1453,10,6
1454,16,7
1455,13,3
1456,20,4
1457,9,3
1458,7,4
1459,12,3
1460,6,2
1461,15,5
1462,17,6
1463,18,4
1464,13,7
1465,21,1
1466,2,7
1467,22,1
1468,20,6
1469,8,5
1470,9,3
1471,14,7
1472,11,2
1473,12,3
1474,12,1
1475,17,6
1476,14,2
1477,5,5
1478,12,3
1479,9,4
1480,11,5
1481,19,7
1482,6,1
1483,8,2
1484,10,2
1485,16,2
1486,11,1
1487,16,7
1488,18,7
1489,14,5
1490,14,5
1491,11,4
1492,13,5
1493,10,1
1494,15,4
1495,12,4
1496,4,3
1497,17,2
1498,16,7
1499,5,3
1500,21,2
1501,22,6
1502,14,7
1503,12,2
1504,20,3
1505,13,6
1506,18,1
1507,21,5
1508,13,6
1509,13,6
1510,13,6
1511,22,5
1512,16,2
1513,19,6
1514,20,6
1515,8,1
1516,16,1
1517,15,5
1518,11,1
1519,16,7
1520,5,6
1521,5,6
1522,13,7
1523,14,7
1524,16,2
1525,7,5
1526,17,2
1527,15,6
1528,19,1
1529,17,4
1530,10,5
1531,10,2
1532,8,6
1533,15,2
1534,15,7
1535,14,5
1536,15,4
1537,6,5
1538,14,2
1539,15,3
1540,20,5
1541,14,7
1542,15,4
1543,6,6
1544,19,3
1545,11,3
1546,15,4
1547,13,2
1548,16,6
1549,14,6
1550,9,3
1551,9,3
1552,17,2
1553,2,7
1554,8,5
1555,18,7
1556,12,4
1557,23,5
1558,20,5
1559,8,3
1560,14,4
1561,18,1
1562,14,2
1563,17,6
1564,6,6
1565,12,2
1566,15,5
1567,16,4
1568,11,1
1569,8,2
1570,8,2
1571,13,4
1572,8,3
1573,6,6
1574,17,3
1575,18,4
1576,0,7
1577,11,4
1578,18,6
1579,15,5
1580,11,2
1581,19,6
1582,19,6
1583,21,1
1584,16,3
1585,18,2
1586,14,3
1587,15,6
1588,7,7
1589,6,3
1590,17,5
1591,14,7
1592,8,4
1593,23,6
1594,23,6
1595,15,6
1596,15,5
1597,17,5
1598,15,7
1599,19,5
1600,10,4
1601,17,7
1602,13,1
1603,20,3
1604,10,2
1605,9,1
1606,6,2
1607,22,7
1608,13,7
1609,12,6
1610,12,5
1611,14,6
1612,11,3
1613,23,4
1614,12,6
1615,13,2
1616,8,1
1617,13,5
1618,13,4
1619,8,4
1620,22,6
1621,12,3
1622,15,7
1623,7,4
1624,15,4
1625,10,6
1626,14,2
1627,14,5
1628,21,2
1629,2,6
1630,17,7
1631,11,3
1632,17,5
1633,16,7
1634,20,2
1635,19,6
1636,18,2
1637,12,3
1638,21,3
1639,13,5
1640,12,4
1641,20,1
1642,15,5
1643,16,1
1644,2,1
1645,13,7
1646,7,5
1647,19,1
1648,12,2
1649,12,2
1650,1,5
1651,15,6
1652,14,3
1653,13,7
1654,13,7
1655,13,7
1656,15,4
1657,19,1
1658,18,3
1659,5,6
1660,0,5
1661,6,5
1662,5,3
1663,18,5
1664,18,5
1665,10,7
1666,16,5
1667,17,2
1668,12,5
1669,16,6
1670,17,6
1671,10,2
1672,3,6
1673,5,4
1674,15,3
1675,12,4
1676,18,5
1677,5,1
1678,17,4
1679,8,3
1680,6,4
1681,13,1
1682,19,4
1683,14,6
1684,18,4
1685,11,7
1686,15,5
1687,0,2
1688,16,3
1689,0,7
1690,12,2
1691,0,1
1692,23,3
1693,7,3
1694,8,3
1695,18,3
1696,7,6
1697,13,4
1698,19,4
1699,12,2
1700,18,5
1701,99,7
1702,10,3
1703,10,3
1704,18,3
1705,8,4
1706,7,4
1707,13,5
1708,15,7
1709,21,6
1710,17,5
1711,14,2
1712,11,3
1713,11,3
1714,21,6
1715,0,4
1716,14,7
1717,13,7
1718,9,5
1719,5,2
1720,12,7
1721,4,7
1722,5,2
1723,18,2
1724,19,5
1725,21,3
1726,5,6
1727,7,6
1728,14,1
1729,15,7
1730,23,4
1731,16,6
1732,12,3
1733,11,2
1734,18,6
1735,11,1
1736,5,6
1737,7,1
1738,14,7
1739,22,2
1740,17,7
1741,17,2
1742,16,5
1743,19,4
1744,9,2
1745,21,6
1746,10,2
1747,5,5
1748,10,3
1749,15,1
1750,7,3
1751,19,7
1752,2,6
1753,15,2
1754,7,5
1755,15,4
1756,20,3
1757,2,7
1758,12,6
1759,7,3
1760,14,2
1761,13,5
1762,16,6
1763,9,3
1764,16,6
1765,7,5
1766,10,4
1767,13,7
1768,17,7
1769,23,5
1770,13,1
1771,23,6
1772,17,7
1773,16,5
1774,8,3
1775,16,4
1776,11,1
1777,14,1
1778,15,6
1779,15,5
1780,12,6
1781,17,6
1782,6,6
1783,6,3
1784,3,6
1785,18,2
1786,10,7
1787,12,7
1788,20,1
1789,7,2
1790,20,2
1791,23,2
1792,9,7
1793,13,2
1794,15,3
1795,18,7
1796,15,3
1797,9,5
1798,16,5
1799,15,4
1800,12,2
1801,17,6
1802,20,7
1803,14,5
1804,14,4
1805,20,7
1806,17,6
1807,7,6
1808,7,6
1809,19,7
1810,11,4
1811,2,4
1812,3,6
1813,17,3
1814,10,6
1815,14,2
1816,6,3
1817,17,4
1818,7,6
1819,0,4
1820,19,5
1821,14,6
1822,7,6
1823,12,3
1824,7,3
1825,8,5
1826,14,6
1827,14,1
1828,17,4
1829,4,7
1830,15,3
1831,10,5
1832,12,5
1833,16,3
1834,5,4
1835,9,7
1836,0,6
1837,3,7
1838,6,7
1839,17,2
1840,12,3
1841,15,3
1842,5,3
1843,13,6
1844,17,1
1845,8,5
1846,21,1
1847,15,6
1848,13,1
1849,5,6
1850,5,4
1851,21,2
1852,23,2
1853,6,3
1854,5,1
1855,2,3
1856,8,7
1857,14,4
1858,17,2
1859,5,7
1860,3,6
1861,21,2
1862,8,3
1863,14,3
1864,10,3
1865,14,5
1866,20,3
1867,10,6
1868,13,3
1869,13,6
1870,18,5
1871,7,3
1872,19,1
1873,7,4
1874,14,5
1875,18,5
1876,12,2
1877,1,6
1878,6,7
1879,14,4
1880,16,1
1881,9,4
1882,9,6
1883,13,4
1884,8,4
1885,8,4
1886,20,7
1887,7,2
1888,17,1
1889,12,5
1890,5,2
1891,20,7
1892,14,6
1893,21,3
1894,6,4
1895,18,7
1896,20,7
1897,1,3
1898,1,3
1899,14,7
1900,23,1
1901,18,4
1902,7,3
1903,3,4
1904,16,7
1905,22,2
1906,22,4
1907,5,4
1908,15,3
1909,15,3
1910,15,3
1911,13,4
1912,16,7
1913,6,6
1914,18,1
1915,19,1
1916,3,5
1917,16,6
1918,16,2
1919,14,7
1920,20,1
1921,16,2
1922,17,7
1923,10,6
1924,5,5
1925,17,1
1926,13,7
1927,15,5
1928,18,6
1929,8,3
1930,6,4
1931,11,5
1932,7,6
1933,9,6
1934,16,7
1935,15,1
1936,14,7
1937,22,6
1938,9,5
1939,0,6
1940,12,3
1941,12,4
1942,17,5
1943,7,4
1944,7,4
1945,7,4
1946,12,1
1947,13,3
1948,15,6
1949,17,6
1950,17,5
1951,6,6
1952,15,3
1953,21,6
1954,13,7
1955,17,3
1956,17,6
1957,0,7
1958,6,6
1959,11,7
1960,12,4
1961,12,4
1962,8,1
1963,11,4
1964,19,6
1965,15,5
1966,20,6
1967,18,3
1968,7,5
1969,17,4
1970,18,4
1971,14,2
1972,8,6
1973,0,1
1974,15,2
1975,4,6
1976,20,4
1977,14,7
1978,8,2
1979,8,2
1980,16,1
1981,22,6
1982,21,4
1983,7,1
1984,17,4
1985,19,1
1986,11,5
1987,16,6
1988,12,2
1989,8,4
1990,21,6
1991,12,4
1992,12,5
1993,14,6
1994,11,3
1995,15,4
1996,11,5
1997,19,7
1998,1,1
1999,7,2
2000,23,6
2001,17,5
2002,16,6
2003,8,1
2004,6,5
2005,15,4
2006,6,7
2007,20,6
2008,16,4
2009,10,6
2010,13,4
2011,21,5
2012,6,2
2013,6,4
2014,0,1
2015,0,1
2016,12,7
2017,19,7
2018,13,1
2019,14,3
2020,11,7
2021,16,2
2022,16,1
2023,3,1
2024,19,2
2025,18,6
2026,23,5
2027,23,5
2028,18,6
2029,10,3
2030,17,1
2031,6,5
2032,15,7
2033,15,5
2034,13,1
2035,13,1
2036,14,2
2037,16,6
2038,18,5
2039,20,1
2040,16,3
2041,23,5
2042,5,4
2043,3,6
2044,13,7
2045,12,6
2046,14,6
2047,10,6
2048,10,6
2049,17,6
2050,12,7
2051,9,1
2052,0,6
2053,11,7
2054,0,6
2055,16,3
2056,21,6
2057,13,4
2058,7,5
2059,22,4
2060,3,7
2061,13,2
2062,23,2
2063,9,7
2064,0,7
2065,6,2
2066,7,4
2067,11,3
2068,17,5
2069,7,4
2070,19,4
2071,11,5
2072,10,1
2073,14,4
2074,20,6
2075,18,5
2076,8,2
2077,18,5
2078,6,5
2079,10,2
2080,12,6
2081,9,5
2082,21,5
2083,16,6
2084,14,7
2085,16,1
2086,5,5
2087,10,3
2088,16,5
2089,23,4
2090,19,4
2091,10,4
2092,7,4
2093,10,3
2094,10,1
2095,15,2
2096,23,7
2097,17,6
2098,21,6
2099,16,4
2100,14,1
2101,16,5
2102,14,7
2103,19,6
2104,2,6
2105,14,6
2106,1,4
2107,13,5
2108,11,3
2109,10,7
2110,9,6
2111,2,2
2112,11,1
2113,14,6
2114,13,5
2115,15,3
2116,14,1
2117,2,1
2118,12,5
2119,1,4
2120,19,1
2121,16,5
2122,20,3
2123,17,2
2124,16,2
2125,7,6
2126,13,4
2127,21,4
2128,14,6
2129,9,6
2130,15,3
2131,8,6
2132,10,7
2133,3,5
2134,13,3
2135,14,6
2136,14,2
2137,8,6
2138,0,1
2139,12,6
2140,12,5
2141,10,4
2142,3,7
2143,11,4
2144,17,6
2145,4,5
2146,2,2
2147,17,2
2148,18,6
2149,21,6
2150,14,7
2151,18,6
2152,0,6
2153,18,5
2154,17,6
2155,0,7
2156,21,7
2157,12,3
2158,19,5
2159,18,5
2160,16,1
2161,5,3
2162,13,4
2163,18,5
2164,0,1
2165,17,5
2166,1,7
2167,17,3
2168,16,4
2169,8,5
2170,22,2
2171,19,4
2172,16,3
2173,16,1
2174,19,4
2175,22,1
2176,14,3
2177,11,2
2178,14,7
2179,22,2
2180,11,3
2181,10,7
2182,16,2
2183,20,3
2184,17,7
2185,10,4
2186,18,6
2187,17,6
2188,7,5
2189,13,2
2190,15,3
2191,10,4
2192,3,6
2193,7,5
2194,18,5
2195,22,2
2196,11,4
2197,11,4
2198,7,5
2199,7,3
2200,17,3
2201,17,3
2202,16,6
2203,9,4
2204,14,6
2205,14,6
2206,7,3
2207,3,7
2208,8,2
2209,8,2
2210,21,5
2211,9,4
2212,15,4
2213,7,2
2214,18,7
2215,18,7
2216,18,7
2217,1,4
2218,2,7
2219,7,6
2220,11,6
2221,8,2
2222,8,2
2223,6,1
2224,10,1
2225,18,3
2226,18,3
2227,17,7
2228,17,7
2229,12,2
2230,8,2
2231,9,7
2232,4,5
2233,16,7
2234,11,4
2235,10,5
2236,12,4
2237,16,3
2238,7,4
2239,12,1
2240,7,4
2241,12,6
2242,15,7
2243,6,6
2244,6,6
2245,16,6
2246,9,4
2247,1,4
2248,9,1
2249,5,2
2250,7,4
2251,14,4
2252,10,2
2253,15,6
2254,18,7
2255,14,3
2256,11,4
2257,21,5
2258,14,6
2259,18,7
2260,9,3
2261,9,3
2262,16,7
2263,9,7
2264,11,5
2265,5,3
2266,12,6
2267,7,6
2268,15,7
2269,4,5
2270,4,5
2271,9,5
2272,6,6
2273,10,3
2274,10,3
2275,2,4
2276,20,6
2277,20,6
2278,6,4
2279,15,3
2280,20,7
2281,20,7
2282,11,4
2283,10,7
2284,11,2
2285,19,2
2286,19,2
2287,22,2
2288,17,4
2289,15,6
2290,17,6
2291,8,4
2292,4,6
2293,15,2
2294,8,6
2295,10,5
2296,9,1
2297,18,2
2298,11,3
2299,5,7
2300,11,1
2301,10,7
2302,12,7
2303,15,4
2304,14,5
2305,18,5
2306,8,5
2307,15,5
2308,15,5
2309,0,7
2310,14,4
2311,9,2
2312,17,3
2313,11,5
2314,13,6
2315,12,1
2316,18,4
2317,21,1
2318,8,2
2319,12,2
2320,13,2
2321,14,4
2322,17,3
2323,6,4
2324,15,3
2325,15,3
2326,4,5
2327,14,1
2328,8,4
2329,23,4
2330,15,5
2331,13,2
2332,11,2
2333,1,3
2334,22,5
2335,17,2
2336,20,1
2337,15,6
2338,5,7
2339,13,6
2340,6,1
2341,11,5
2342,6,5
2343,17,6
2344,1,6
2345,14,4
2346,0,5
2347,6,7
2348,19,1
2349,19,5
2350,9,4
2351,14,1
2352,7,5
2353,15,7
2354,18,1
2355,12,3
2356,14,4
2357,4,1
2358,16,1
2359,16,5
2360,13,6
2361,21,3
2362,5,6
2363,20,7
2364,11,6
2365,0,4
2366,17,6
2367,17,2
2368,19,7
2369,0,3
2370,12,1
2371,15,1
2372,15,2
2373,8,4
2374,7,4
2375,15,7
2376,14,2
2377,13,5
2378,4,6
2379,16,6
2380,12,5
2381,14,6
2382,22,7
2383,10,4
2384,11,6
2385,7,1
2386,5,6
2387,14,3
2388,9,1
2389,3,3
2390,13,5
2391,0,2
2392,20,2
2393,23,7
2394,4,1
2395,15,3
2396,11,4
2397,9,7
2398,3,5
2399,11,6
2400,15,7
2401,11,2
2402,10,2
2403,11,3
2404,9,2
2405,16,6
2406,1,7
2407,7,6
2408,21,7
2409,17,3
2410,6,2
2411,11,6
2412,11,2
2413,12,2
2414,13,6
2415,7,1
2416,16,2
2417,10,6
2418,12,2
2419,13,7
2420,11,5
2421,12,7
2422,14,3
2423,1,6
2424,0,6
2425,17,6
2426,15,4
2427,6,6
2428,15,2
2429,13,5
2430,16,4
2431,12,7
2432,10,6
2433,10,5
2434,21,6
2435,15,4
2436,2,1
2437,20,7
2438,19,2
2439,10,1
2440,7,4
2441,7,3
2442,9,5
2443,15,1
2444,14,3
2445,14,3
2446,14,5
2447,9,4
2448,9,4
2449,14,1
2450,20,6
2451,9,1
2452,9,1
2453,16,4
2454,6,4
2455,7,6
2456,16,6
2457,16,1
2458,8,6
2459,15,2
2460,9,4
2461,13,3
2462,5,6
2463,14,2
2464,13,2
2465,9,6
2466,12,1
2467,11,2
2468,18,5
2469,16,6
2470,20,6
2471,12,5
2472,20,3
2473,13,4
2474,11,5
2475,20,7
2476,13,3
2477,21,2
2478,22,7
2479,14,4
2480,13,7
2481,21,2
2482,12,5
2483,16,3
2484,14,6
2485,9,6
2486,6,4
2487,19,7
2488,19,6
2489,10,7
2490,12,3
2491,2,4
2492,15,4
2493,7,2
2494,15,5
2495,17,7
2496,17,6
2497,20,5
2498,16,3
2499,11,3
2500,16,2
2501,11,5
2502,16,4
2503,12,1
2504,21,5
2505,15,3
2506,14,1
2507,22,5
2508,15,2
2509,7,5
2510,10,3
2511,18,1
2512,17,6
2513,12,7
2514,21,3
2515,14,4
2516,18,3
2517,18,3
2518,14,4
2519,15,1
2520,15,1
2521,16,2
2522,9,3
2523,14,6
2524,12,3
2525,16,5
2526,17,6
2527,8,2
2528,14,6
2529,15,4
2530,13,4
2531,12,2
2532,6,5
2533,9,2
2534,15,3
2535,10,6
2536,11,3
2537,20,7
2538,14,1
2539,14,1
2540,15,1
2541,6,5
2542,16,6
2543,11,5
2544,19,3
2545,9,6
2546,15,2
2547,11,2
2548,4,3
2549,21,6
2550,20,1
2551,5,6
2552,22,4
2553,14,7
2554,12,6
2555,5,6
2556,11,6
2557,10,2
2558,11,2
2559,16,5
2560,16,5
2561,12,7
2562,11,7
2563,14,2
2564,22,4
2565,20,7
2566,18,7
2567,11,3
2568,16,1
2569,6,3
2570,7,6
2571,21,7
2572,14,7
2573,14,7
2574,13,2
2575,17,2
2576,9,3
2577,16,4
2578,11,2
2579,20,3
2580,14,7
2581,11,4
2582,23,2
2583,10,1
2584,20,7
2585,17,2
2586,14,6
2587,8,5
2588,10,5
2589,16,7
2590,16,5
2591,19,5
2592,13,4
2593,9,2
2594,18,3
2595,7,3
2596,13,3
2597,7,5
2598,14,7
2599,14,6
2600,22,6
2601,14,6
2602,14,6
2603,17,5
2604,11,4
2605,14,6
2606,15,4
2607,7,2
2608,17,1
2609,14,6
2610,12,3
2611,9,6
2612,15,3
2613,19,6
2614,12,6
2615,6,5
2616,6,5
2617,13,3
2618,13,3
2619,9,1
2620,12,2
2621,5,4
2622,16,4
2623,12,4
2624,8,6
2625,10,3
2626,8,1
2627,8,1
2628,18,4
2629,15,6
2630,15,1
2631,13,5
2632,20,6
2633,21,6
2634,17,3
2635,17,6
2636,13,7
2637,14,6
2638,6,6
2639,20,1
2640,18,5
2641,18,1
2642,17,4
2643,15,6
2644,12,5
2645,9,3
2646,15,3
2647,15,3
2648,7,2
2649,16,7
2650,13,7
2651,7,2
2652,12,4
2653,14,7
2654,12,1
2655,14,1
2656,14,1
2657,8,3
2658,17,2
2659,18,4
2660,17,6
2661,6,1
2662,10,2
2663,16,3
2664,16,3
2665,8,6
2666,7,2
2667,14,1
2668,15,7
2669,17,6
2670,12,3
2671,14,7
2672,10,6
2673,20,5
2674,14,3
2675,20,3
2676,7,5
2677,15,2
2678,10,6
2679,3,1
2680,8,1
2681,14,2
2682,17,6
2683,16,7
2684,14,4
2685,14,4
2686,6,3
2687,9,7
2688,9,7
2689,16,2
2690,16,2
2691,15,6
2692,12,5
2693,21,6
2694,16,3
2695,16,3
2696,15,2
2697,12,4
2698,15,4
2699,9,4
2700,12,5
2701,16,5
2702,15,6
2703,9,5
2704,10,3
2705,13,7
2706,10,4
2707,12,7
2708,19,7
2709,23,5
2710,12,6
2711,11,7
2712,17,3
2713,9,4
2714,6,6
2715,16,4
2716,15,7
2717,6,4
2718,11,5
2719,13,6
2720,0,1
2721,15,3
2722,19,1
2723,14,4
2724,8,5
2725,16,5
2726,8,2
2727,17,5
2728,14,4
2729,13,7
2730,16,3
2731,5,2
2732,22,6
2733,13,1
2734,15,1
2735,6,2
2736,20,7
2737,15,2
2738,7,2
2739,18,6
2740,14,4
2741,15,5
2742,6,5
2743,13,2
2744,14,7
2745,16,1
2746,8,6
2747,8,2
2748,16,6
2749,14,2
2750,14,2
2751,10,2
2752,10,2
2753,10,2
2754,13,2
2755,13,1
2756,11,7
2757,14,2
2758,14,2
2759,19,5
2760,19,5
2761,5,3
2762,21,2
2763,10,6
2764,13,4
2765,16,6
2766,17,1
2767,14,6
2768,14,6
2769,13,1
2770,23,7
2771,3,7
2772,11,7
2773,11,4
2774,11,4
2775,15,6
2776,16,1
2777,21,4
2778,11,4
2779,14,2
2780,13,6
2781,0,1
2782,10,3
2783,13,2
2784,15,3
2785,13,6
2786,0,2
2787,23,5
2788,11,6
2789,12,6
2790,13,7
2791,3,7
2792,13,3
2793,13,3
2794,5,5
2795,18,4
2796,16,3
2797,15,2
2798,6,3
2799,11,6
2800,21,7
2801,12,7
2802,11,4
2803,14,2
2804,2,1
2805,14,3
2806,13,7
2807,14,7
2808,8,4
2809,12,3
2810,9,7
2811,17,7
2812,15,5
2813,15,7
2814,11,7
2815,14,4
2816,7,7
2817,19,4
2818,9,7
2819,15,3
2820,9,3
2821,19,7
2822,12,2
2823,12,2
2824,18,3
2825,10,4
2826,18,1
2827,20,6
2828,21,1
2829,20,3
2830,12,2
2831,10,2
2832,0,5
2833,17,4
2834,13,2
2835,16,1
2836,13,2
2837,21,4
2838,12,3
2839,12,3
2840,6,2
2841,19,2
2842,2,1
2843,19,6
2844,12,5
2845,17,6
2846,12,7
2847,11,7
2848,0,6
2849,23,4
2850,23,4
2851,18,7
2852,13,2
2853,8,1
2854,6,6
2855,11,7
2856,16,3
2857,16,1
2858,16,1
2859,17,4
2860,17,4
2861,13,5
2862,20,6
2863,13,1
2864,13,6
2865,15,6
2866,16,2
2867,16,7
2868,20,4
2869,9,3
2870,5,7
2871,16,7
2872,11,7
2873,17,4
2874,21,6
2875,20,2
2876,14,7
2877,12,4
2878,11,4
2879,12,6
2880,11,2
2881,17,6
2882,13,6
2883,17,1
2884,14,3
2885,9,3
2886,6,5
2887,6,5
2888,9,2
2889,9,6
2890,1,6
2891,14,4
2892,13,4
2893,13,5
2894,17,2
2895,13,3
2896,14,1
2897,20,1
2898,16,1
2899,7,1
2900,14,1
2901,16,7
2902,14,5
2903,7,5
2904,20,1
2905,16,3
2906,12,3
2907,18,7
2908,4,3
2909,14,1
2910,11,6
2911,14,5
2912,10,1
2913,5,2
2914,17,6
2915,18,7
2916,5,1
2917,11,3
2918,15,5
2919,20,5
2920,16,7
2921,13,6
2922,13,1
2923,0,4
2924,16,6
2925,20,2
2926,10,4
2927,10,5
2928,8,5
2929,7,3
2930,12,7
2931,11,6
2932,11,4
2933,18,5
2934,11,4
2935,23,6
2936,10,4
2937,17,6
2938,23,3
2939,16,4
2940,10,3
2941,13,2
2942,11,3
2943,7,6
2944,16,5
2945,11,3
2946,10,1
2947,16,1
2948,12,7
2949,6,2
2950,15,6
2951,12,5
2952,11,3
2953,14,2
2954,18,2
2955,18,7
2956,17,6
2957,20,5
2958,22,2
2959,12,6
2960,22,7
2961,12,3
2962,11,5
2963,21,2
2964,7,4
2965,21,2
2966,8,1
2967,11,1
2968,9,4
2969,9,6
2970,14,4
2971,13,7
2972,11,1
2973,14,3
2974,8,2
2975,21,1
2976,15,2
2977,15,2
2978,15,6
2979,9,4
2980,13,1
2981,13,4
2982,15,3
2983,14,4
2984,21,6
2985,8,5
2986,15,1
2987,10,4
2988,10,7
2989,14,3
2990,6,7
2991,5,6
2992,13,2
2993,12,7
2994,12,1
2995,7,2
2996,9,3
2997,18,7
2998,5,6
2999,8,5
3000,16,7
3001,0,7
3002,12,2
3003,11,5
3004,22,3
3005,13,4
3006,15,3
3007,17,7
3008,15,4
3009,10,6
3010,19,3
3011,12,5
3012,13,6
3013,15,7
3014,14,5
3015,9,4
3016,18,3
3017,20,2
3018,14,6
3019,16,6
3020,10,4
3021,20,5
3022,16,2
3023,22,1
3024,15,4
3025,5,2
3026,8,7
3027,21,4
3028,17,3
3029,8,7
3030,16,5
3031,17,6
3032,17,6
3033,10,7
3034,15,3
3035,12,2
3036,7,6
3037,12,1
3038,3,5
3039,17,1
3040,13,3
3041,8,6
3042,16,1
3043,12,4
3044,14,3
3045,14,3
3046,16,5
3047,2,7
3048,16,4
3049,9,2
3050,7,4
3051,7,5
3052,17,1
3053,17,2
3054,6,5
3055,14,4
3056,13,7
3057,12,6
3058,16,6
3059,14,3
3060,23,7
3061,6,2
3062,8,5
3063,6,2
3064,14,5
3065,10,3
3066,13,2
3067,14,2
3068,16,2
3069,7,1
3070,11,3
3071,6,5
3072,21,5
3073,13,2
3074,8,3
3075,9,7
3076,12,7
3077,11,7
3078,17,7
3079,17,1
3080,5,4
3081,16,3
3082,8,7
3083,10,2
3084,11,6
3085,7,1
3086,2,1
3087,0,5
3088,17,5
3089,7,4
3090,17,7
3091,16,6
3092,13,2
3093,15,7
3094,6,5
3095,7,5
3096,13,7
3097,19,1
3098,13,4
3099,2,1
3100,5,4
3101,9,4
3102,3,7
3103,10,6
3104,12,3
3105,1,7
3106,20,6
3107,10,5
3108,10,2
3109,0,4
3110,10,3
3111,14,4
3112,17,4
3113,19,3
3114,7,5
3115,12,7
3116,14,5
3117,14,6
3118,16,1
3119,12,5
3120,18,7
3121,13,4
3122,9,6
3123,11,6
3124,7,4
3125,10,1
3126,14,2
3127,10,3
3128,17,4
3129,20,3
3130,11,1
3131,14,4
3132,18,4
3133,13,4
3134,12,6
3135,8,2
3136,12,5
3137,11,3
3138,18,3
3139,14,2
3140,17,5
3141,14,2
3142,14,2
3143,18,3
3144,15,5
3145,19,3
3146,14,3
3147,15,7
3148,20,1
3149,15,6
3150,7,4
3151,16,7
3152,8,1
3153,5,4
3154,21,7
3155,18,6
3156,12,5
3157,21,1
3158,14,3
3159,14,6
3160,11,4
3161,10,5
3162,14,7
3163,20,7
3164,19,7
3165,9,2
3166,6,3
3167,15,3
3168,15,3
3169,15,5
3170,16,5
3171,13,7
3172,11,2
3173,11,2
3174,12,1
3175,18,5
3176,17,5
3177,12,1
3178,6,3
3179,15,4
3180,11,5
3181,14,1
3182,16,6
3183,9,4
3184,11,3
3185,7,3
3186,20,2
3187,15,1
3188,13,5
3189,8,2
3190,15,6
3191,18,6
3192,12,3
3193,13,4
3194,9,3
3195,12,1
3196,11,3
3197,13,5
3198,4,3
3199,12,4
3200,11,6
3201,7,5
3202,13,1
3203,13,1
3204,4,2
3205,12,7
3206,8,2
3207,12,1
3208,23,3
3209,9,1
3210,4,1
3211,13,6
3212,10,6
3213,12,4
3214,9,3
3215,7,7
3216,11,7
3217,9,3
3218,12,3
3219,12,2
3220,15,7
3221,15,7
3222,12,1
3223,9,6
3224,6,6
3225,9,4
3226,9,4
3227,16,4
3228,16,4
3229,9,1
3230,21,5
3231,17,7
3232,21,4
3233,15,6
3234,13,6
3235,13,6
3236,6,3
3237,13,6
3238,13,6
3239,23,7
3240,18,2
3241,18,7
3242,22,6
3243,10,6
3244,8,7
3245,13,2
3246,14,6
3247,13,6
3248,14,3
3249,19,5
3250,4,5
3251,4,5
3252,6,2
3253,6,6
3254,9,5
3255,9,5
3256,2,4
3257,20,6
3258,12,5
3259,12,5
3260,14,7
3261,20,7
3262,14,4
3263,6,6
3264,18,4
3265,12,4
3266,1,4
3267,18,5
3268,7,3
3269,6,6
3270,23,2
3271,11,1
3272,13,6
3273,13,2
3274,15,2
3275,2,5
3276,13,3
3277,16,3
3278,15,6
3279,19,3
3280,2,4
3281,17,6
3282,11,2
3283,6,2
3284,8,4
3285,5,2
3286,15,1
3287,22,5
3288,11,7
3289,16,2
3290,12,4
3291,14,4
3292,9,7
3293,10,6
3294,16,5
3295,21,6
3296,20,2
3297,9,6
3298,20,4
3299,3,5
3300,11,5
3301,1,6
3302,0,1
3303,6,1
3304,17,7
3305,0,1
3306,17,2
3307,11,7
3308,23,6
3309,15,3
3310,16,2
3311,11,5
3312,8,5
3313,15,7
3314,6,5
3315,12,1
3316,12,1
3317,6,5
3318,6,6
3319,5,3
3320,16,1
3321,11,6
3322,15,5
3323,16,5
3324,7,2
3325,12,7
3326,12,7
3327,19,1
3328,17,6
3329,3,1
3330,15,4
3331,12,7
3332,12,7
3333,8,7
3334,3,1
3335,16,6
3336,20,4
3337,7,4
3338,7,2
3339,2,3
3340,12,3
3341,5,5
3342,13,6
3343,12,1
3344,10,2
3345,14,6
3346,18,3
3347,9,4
3348,16,6
3349,16,2
3350,3,6
3351,12,4
3352,2,3
3353,16,1
3354,17,5
3355,17,5
3356,20,3
3357,17,7
3358,6,2
3359,13,6
3360,17,4
3361,18,5
3362,19,7
3363,11,3
3364,6,5
3365,16,4
3366,17,6
3367,17,1
3368,21,2
3369,16,4
3370,22,6
3371,7,6
3372,11,6
3373,14,6
3374,1,1
3375,11,4
3376,11,4
3377,5,5
3378,15,2
3379,15,2
3380,20,4
3381,19,6
3382,7,4
3383,14,5
3384,18,6
3385,12,7
3386,10,6
3387,10,6
3388,18,5
3389,15,4
3390,15,4
3391,15,6
3392,18,4
3393,19,2
3394,12,3
3395,7,6
3396,15,4
3397,16,7
3398,19,5
3399,9,5
3400,0,1
3401,15,3
3402,13,3
3403,8,4
3404,8,4
3405,12,5
3406,10,5
3407,16,4
3408,20,1
3409,15,2
3410,20,3
3411,18,7
3412,14,7
3413,15,5
3414,10,5
3415,5,4
3416,16,4
3417,10,3
3418,10,3
3419,0,1
3420,17,7
3421,14,2
3422,13,7
3423,13,3
3424,12,6
3425,9,7
3426,14,2
3427,6,7
3428,15,1
3429,10,7
3430,10,3
3431,10,3
3432,8,5
3433,15,6
3434,19,7
3435,16,2
3436,6,5
3437,2,4
3438,23,3
3439,19,6
3440,8,5
3441,20,5
3442,16,5
3443,18,3
3444,10,7
3445,21,4
3446,4,2
3447,4,2
3448,13,1
3449,13,1
3450,15,3
3451,10,2
3452,21,2
3453,14,7
3454,10,2
3455,10,2
3456,12,4
3457,3,4
3458,6,3
3459,18,3
3460,18,3
3461,11,3
3462,6,7
3463,9,7
3464,9,7
3465,16,2
3466,14,6
3467,14,6
3468,14,4
3469,14,4
3470,14,2
3471,13,1
3472,14,2
3473,10,2
3474,16,5
3475,10,1
3476,18,2
3477,12,2
3478,12,5
3479,10,6
3480,13,4
3481,13,4
3482,19,6
3483,19,6
3484,6,6
3485,8,6
3486,22,7
3487,15,3
3488,20,6
3489,14,6
3490,16,3
3491,8,1
3492,16,3
3493,20,4
3494,12,5
3495,17,1
3496,11,2
3497,11,2
3498,11,2
3499,6,5
3500,7,3
3501,8,2
3502,1,5
3503,12,6
3504,11,6
3505,6,3
3506,15,7
3507,6,6
3508,16,4
3509,11,3
3510,11,4
3511,21,2
3512,15,5
3513,1,6
3514,1,6
3515,22,6
3516,14,2
3517,12,3
3518,11,2
3519,5,5
3520,20,5
3521,15,5
3522,8,5
3523,8,6
3524,8,6
3525,6,3
3526,22,6
3527,18,6
3528,17,4
3529,13,1
3530,11,2
3531,16,7
3532,14,4
3533,19,7
3534,7,6
3535,14,5
3536,6,6
3537,13,4
3538,13,4
3539,21,2
3540,8,5
3541,0,6
3542,14,6
3543,12,3
3544,17,5
3545,8,4
3546,12,4
3547,12,3
3548,13,7
3549,13,7
3550,10,4
3551,6,4
3552,12,1
3553,13,3
3554,12,4
3555,10,3
3556,17,6
3557,17,5
3558,8,1
3559,16,2
3560,18,4
3561,15,3
3562,10,4
3563,8,5
3564,19,6
3565,13,6
3566,15,6
3567,13,3
3568,6,6
3569,18,3
3570,14,7
3571,16,7
3572,19,2
3573,18,5
3574,11,4
3575,19,6
3576,13,1
3577,6,5
3578,7,3
3579,15,3
3580,17,4
3581,17,4
3582,12,4
3583,19,1
3584,16,2
3585,15,5
3586,9,2
3587,18,2
3588,14,2
3589,18,4
3590,14,2
3591,19,2
3592,11,2
3593,11,2
3594,4,6
3595,21,5
3596,9,2
3597,9,6
3598,12,2
3599,18,7
3600,7,2
3601,7,3
3602,12,6
3603,19,6
3604,7,5
3605,17,6
3606,15,4
3607,8,1
3608,17,5
3609,12,3
3610,17,6
3611,16,7
3612,13,2
3613,12,5
3614,11,3
3615,10,6
3616,10,6
3617,21,6
3618,18,5
3619,16,1
3620,15,1
3621,8,3
3622,6,5
3623,15,5
3624,15,7
3625,13,3
3626,16,7
3627,10,6
3628,14,4
3629,13,5
3630,9,5
3631,12,6
3632,15,3
3633,15,1
3634,5,3
3635,9,5
3636,2,7
3637,6,5
3638,20,6
3639,10,1
3640,20,7
3641,11,6
3642,5,7
3643,12,1
3644,13,5
3645,14,3
3646,10,7
3647,17,2
3648,12,6
3649,12,3
3650,17,4
3651,10,5
3652,15,4
3653,15,4
3654,12,2
3655,8,7
3656,5,3
3657,15,4
3658,11,1
3659,7,5
3660,9,6
3661,21,1
3662,16,6
3663,12,7
3664,12,7
3665,14,3
3666,14,3
3667,14,3
3668,9,4
3669,17,6
3670,14,2
3671,14,2
3672,21,1
3673,11,4
3674,0,6
3675,13,3
3676,11,6
3677,11,6
3678,14,6
3679,13,7
3680,13,6
3681,15,6
3682,12,5
3683,11,6
3684,12,6
3685,10,4
3686,15,5
3687,15,5
3688,15,5
3689,15,5
3690,11,2
3691,11,6
3692,12,7
3693,11,4
3694,12,5
3695,17,1
3696,9,6
3697,9,6
3698,13,7
3699,13,7
3700,15,3
3701,17,5
3702,5,7
3703,22,4
3704,21,7
3705,14,5
3706,6,7
3707,1,1
3708,2,4
3709,15,7
3710,10,1
3711,17,4
3712,18,2
3713,10,7
3714,9,7
3715,10,4
3716,16,1
3717,15,7
3718,12,2
3719,19,5
3720,16,3
3721,17,7
3722,13,1
3723,20,7
3724,12,2
3725,7,2
3726,0,5
3727,17,4
3728,17,4
3729,16,1
3730,9,1
3731,16,5
3732,13,2
3733,19,2
3734,18,1
3735,15,5
3736,2,1
3737,7,6
3738,16,2
3739,12,7
3740,18,7
3741,18,7
3742,11,7
3743,0,6
3744,7,4
3745,16,3
3746,16,1
3747,16,1
3748,16,1
3749,21,6
3750,12,5
3751,16,3
3752,12,6
3753,10,7
3754,11,5
3755,17,7
3756,14,1
3757,9,2
3758,10,6
3759,15,3
3760,10,2
3761,15,3
3762,19,6
3763,16,7
3764,17,1
3765,12,2
3766,5,3
3767,14,1
3768,17,6
3769,19,3
3770,11,1
3771,14,4
3772,12,2
3773,9,1
3774,18,4
3775,13,2
3776,20,5
3777,12,5
3778,15,5
3779,11,2
3780,6,6
3781,18,7
3782,9,6
3783,12,5
3784,10,3
3785,19,3
3786,13,4
3787,7,6
3788,20,4
3789,16,4
3790,10,6
3791,23,3
3792,9,7
3793,3,4
3794,15,7
3795,14,4
3796,16,5
3797,19,6
3798,13,1
3799,10,1
3800,17,5
3801,10,1
3802,11,7
3803,16,4
3804,14,7
3805,15,4
3806,19,6
3807,19,1
3808,17,5
3809,11,4
3810,5,2
3811,16,6
3812,18,4
3813,18,5
3814,16,2
3815,13,4
3816,11,6
3817,11,2
3818,14,6
3819,16,6
3820,17,3
3821,13,6
3822,4,7
3823,16,6
3824,8,2
3825,15,7
3826,20,4
3827,9,1
3828,16,5
3829,13,5
3830,5,6
3831,12,5
3832,19,6
3833,5,6
3834,14,6
3835,19,4
3836,17,2
3837,13,4
3838,17,3
3839,14,7
3840,14,3
3841,16,5
3842,18,3
3843,7,5
3844,16,1
3845,14,6
3846,16,3
3847,12,1
3848,1,1
3849,17,3
3850,17,5
3851,21,2
3852,9,2
3853,1,5
3854,22,7
3855,2,7
3856,16,2
3857,6,4
3858,19,6
3859,0,5
3860,17,5
3861,8,5
3862,1,3
3863,17,4
3864,9,2
3865,20,2
3866,17,5
3867,21,6
3868,0,4
3869,12,2
3870,13,5
3871,21,5
3872,20,1
3873,16,2
3874,20,7
3875,6,5
3876,12,4
3877,9,7
3878,14,2
3879,13,1
3880,23,5
3881,8,2
3882,20,6
3883,9,2
3884,18,3
3885,12,3
3886,6,6
3887,10,2
3888,12,6
3889,16,6
3890,17,4
3891,14,4
3892,17,1
3893,13,7
3894,10,1
3895,12,4
3896,9,4
3897,20,3
3898,14,6
3899,1,7
3900,12,7
3901,11,7
3902,14,2
3903,12,1
3904,12,1
3905,17,5
3906,21,3
3907,17,4
3908,16,1
3909,13,6
3910,19,2
3911,17,1
3912,3,6
3913,12,5
3914,17,3
3915,0,1
3916,6,2
3917,14,5
3918,7,2
3919,12,1
3920,17,4
3921,18,5
3922,13,6
3923,17,6
3924,20,3
3925,22,3
3926,13,5
3927,14,5
3928,9,3
3929,0,1
3930,17,5
3931,8,3
3932,13,6
3933,15,5
3934,5,2
3935,22,6
3936,11,6
3937,18,7
3938,20,5
3939,8,4
3940,18,2
3941,11,7
3942,7,4
3943,16,5
3944,12,1
3945,13,3
3946,12,1
3947,6,2
3948,5,3
3949,18,6
3950,20,4
3951,15,4
3952,16,5
3953,14,7
3954,5,3
3955,5,3
3956,15,6
3957,7,5
3958,14,1
3959,11,3
3960,7,3
3961,19,1
3962,8,5
3963,13,7
3964,14,4
3965,12,6
3966,17,7
3967,11,6
3968,12,7
3969,18,6
3970,13,1
3971,10,4
3972,21,3
3973,22,6
3974,15,5
3975,8,3
3976,0,6
3977,19,6
3978,7,2
3979,7,2
3980,7,2
3981,7,2
3982,7,4
3983,13,3
3984,14,2
3985,19,4
3986,22,6
3987,16,7
3988,17,7
3989,11,2
3990,16,5
3991,14,7
3992,12,7
3993,8,3
3994,17,7
3995,13,6
3996,18,2
3997,10,7
3998,17,3
3999,0,5
4000,5,2
4001,13,4
4002,9,7
4003,22,2
4004,13,4
4005,8,1
4006,8,7
4007,11,6
4008,8,6
4009,12,1
4010,11,2
4011,11,6
4012,14,5
4013,18,3
4014,23,4
4015,11,1
4016,16,1
4017,10,5
4018,6,4
4019,20,5
4020,1,3
4021,16,4
4022,16,4
4023,21,4
4024,16,2
4025,9,3
4026,15,6
4027,23,4
4028,7,5
4029,14,6
4030,10,6
4031,16,6
4032,17,3
4033,17,7
4034,18,3
4035,6,4
4036,16,7
4037,5,6
4038,18,3
4039,18,1
4040,20,1
4041,7,5
4042,10,2
4043,18,5
4044,16,5
4045,18,7
4046,11,5
4047,13,5
4048,13,7
4049,5,3
4050,18,5
4051,18,7
4052,8,5
4053,7,6
4054,15,5
4055,17,5
4056,18,5
4057,13,6
4058,11,4
4059,9,6
4060,18,6
4061,15,7
4062,18,6
4063,17,6
4064,22,1
4065,8,7
4066,18,4
4067,18,6
4068,8,7
4069,13,2
4070,15,6
4071,99,6
4072,15,6
4073,9,7
4074,11,6
4075,9,1
4076,10,5
4077,10,5
4078,19,2
4079,7,3
4080,10,5
4081,14,7
4082,12,5
4083,1,7
4084,9,4
4085,10,6
4086,13,6
4087,21,2
4088,17,2
4089,15,6
4090,17,6
4091,13,7
4092,10,5
4093,12,3
4094,11,4
4095,13,3
4096,18,7
4097,6,5
4098,19,2
4099,18,1
4100,6,3
4101,11,5
4102,15,7
4103,9,5
4104,14,5
4105,20,2
4106,17,3
4107,17,3
4108,0,6
4109,14,3
4110,15,4
4111,16,2
4112,16,6
4113,9,3
4114,9,3
4115,12,1
4116,9,4
4117,9,4
4118,16,6
4119,16,6
4120,18,7
4121,18,7
4122,23,2
4123,18,1
4124,16,5
4125,23,6
4126,21,2
4127,21,6
4128,21,6
4129,8,7
4130,20,6
4131,6,1
4132,18,7
4133,16,6
4134,14,6
4135,7,2
4136,20,6
4137,8,7
4138,17,6
4139,23,7
4140,1,2
4141,9,2
4142,6,7
4143,15,6
4144,14,7
4145,19,4
4146,19,7
4147,8,7
4148,8,3
4149,5,1
4150,19,7
4151,18,4
4152,22,5
4153,15,2
4154,12,3
4155,2,6
4156,21,1
4157,15,2
4158,15,2
4159,17,2
4160,17,5
4161,1,3
4162,18,3
4163,17,1
4164,13,5
4165,18,7
4166,16,7
4167,0,7
4168,9,5
4169,22,6
4170,2,1
4171,21,6
4172,14,6
4173,16,3
4174,23,7
4175,17,1
4176,12,1
4177,21,2
4178,17,6
4179,22,7
4180,21,3
4181,12,2
4182,8,7
4183,17,6
4184,18,4
4185,17,6
4186,18,2
4187,13,1
4188,2,1
4189,22,7
4190,15,3
4191,20,4
4192,20,5
4193,15,2
4194,14,6
4195,16,7
4196,11,6
4197,19,3
4198,19,3
4199,1,3
4200,11,7
4201,13,3
4202,13,3
4203,12,1
4204,2,1
4205,2,1
4206,17,2
4207,14,5
4208,0,6
4209,1,1
4210,7,5
4211,1,7
4212,11,5
4213,1,2
4214,12,5
4215,0,7
4216,14,3
4217,12,5
4218,12,5
4219,2,1
4220,2,1
4221,3,1
4222,6,7
4223,19,5
4224,21,4
4225,21,4
4226,17,2
4227,17,2
4228,23,7
4229,8,6
4230,17,1
4231,4,6
4232,13,6
4233,18,2
4234,11,3
4235,22,7
4236,20,4
4237,16,2
4238,4,4
4239,11,1
4240,13,2
4241,2,6
4242,8,3
4243,9,2
4244,14,1
4245,5,3
4246,16,7
4247,13,2
4248,13,2
4249,9,5
4250,2,3
4251,2,1
4252,4,1
4253,17,3
4254,13,6
4255,15,1
4256,15,1
4257,1,7
4258,14,6
4259,21,3
4260,16,5
4261,8,7
4262,19,2
4263,7,5
4264,7,3
4265,17,5
4266,20,1
4267,16,5
4268,10,1
4269,2,7
4270,0,4
4271,0,4
4272,0,4
4273,1,2
4274,14,1
4275,0,7
4276,10,2
4277,2,1
4278,0,5
4279,1,6
4280,17,1
4281,1,7
4282,12,5
4283,23,7
4284,4,6
4285,21,7
4286,17,6
4287,17,6
4288,15,4
4289,13,6
4290,18,6
4291,18,5
4292,4,3
4293,6,3
4294,17,3
4295,22,6
4296,17,6
4297,11,6
4298,19,6
4299,13,2
4300,17,2
4301,17,1
4302,21,5
4303,12,1
4304,4,4
4305,16,1
4306,16,1
4307,22,5
4308,14,6
4309,18,2
4310,20,6
4311,19,2
4312,17,3
4313,7,3
4314,15,7
4315,4,1
4316,2,7
4317,18,6
4318,3,7
4319,20,6
4320,10,7
4321,22,6
4322,10,7
4323,14,6
4324,12,7
4325,1,7
4326,14,5
4327,22,7
4328,9,4
4329,21,6
4330,13,2
4331,16,5
4332,20,1
4333,16,5
4334,4,1
4335,4,1
4336,12,2
4337,7,5
4338,13,4
4339,0,4
4340,0,4
4341,11,1
4342,2,1
4343,3,1
4344,21,6
4345,15,6
4346,8,4
4347,6,3
4348,1,5
4349,2,4
4350,19,7
4351,10,5
4352,18,3
4353,21,2
4354,8,4
4355,18,6
4356,14,3
4357,12,7
4358,11,7
4359,18,7
4360,12,3
4361,8,3
4362,17,6
4363,5,1
4364,17,1
4365,17,1
4366,17,4
4367,10,2
4368,13,5
4369,16,3
4370,16,2
4371,23,4
4372,14,4
4373,21,6
4374,21,6
4375,8,7
4376,2,6
4377,13,5
4378,0,4
4379,16,4
4380,10,1
4381,18,7
4382,15,3
4383,15,3
4384,18,6
4385,14,1
4386,11,4
4387,11,6
4388,16,6
4389,7,2
4390,8,6
4391,13,2
4392,22,7
4393,11,1
4394,2,6
4395,18,6
4396,16,4
4397,16,1
4398,9,6
4399,0,6
4400,20,6
4401,6,3
4402,14,6
4403,0,7
4404,7,5
4405,15,6
4406,17,6
4407,3,5
4408,7,5
4409,5,5
4410,14,6
4411,14,6
4412,16,2
4413,6,3
4414,21,4
4415,18,7
4416,22,1
4417,15,6
4418,6,3
4419,0,5
4420,4,6
4421,17,6
4422,22,3
4423,13,6
4424,18,7
4425,18,7
4426,8,4
4427,8,4
4428,19,5
4429,15,4
4430,12,7
4431,11,7
4432,12,3
4433,15,7
4434,23,2
4435,23,2
4436,12,6
4437,5,3
4438,20,3
4439,20,3
4440,17,4
4441,18,4
4442,3,4
4443,3,4
4444,5,7
4445,4,3
4446,15,3
4447,19,7
4448,23,4
4449,12,7
4450,8,2
4451,15,3
4452,11,3
4453,1,1
4454,19,3
4455,21,1
4456,7,1
4457,18,7
4458,4,7
4459,10,5
4460,15,7
4461,18,3
4462,14,6
4463,5,3
4464,18,6
4465,10,6
4466,16,6
4467,17,5
4468,12,1
4469,14,3
4470,23,1
4471,6,1
4472,2,6
4473,21,5
4474,20,4
4475,17,4
4476,17,4
4477,21,4
4478,4,7
4479,4,7
4480,15,1
4481,15,1
4482,15,2
4483,11,4
4484,11,1
4485,13,4
4486,14,1
4487,7,4
4488,15,6
4489,19,1
4490,15,3
4491,16,5
4492,8,7
4493,17,6
4494,17,5
4495,16,5
4496,11,4
4497,14,4
4498,23,7
4499,11,5
4500,12,1
4501,13,6
4502,13,6
4503,20,1
4504,12,5
4505,12,4
4506,18,2
4507,22,2
4508,22,2
4509,16,2
4510,16,2
4511,13,4
4512,17,6
4513,8,7
4514,16,4
4515,14,7
4516,10,2
4517,8,4
4518,12,4
4519,8,3
4520,14,3
4521,12,6
4522,19,7
4523,12,2
4524,16,7
4525,16,7
4526,18,3
4527,22,6
4528,8,7
4529,19,6
4530,19,5
4531,12,5
4532,12,5
4533,12,4
4534,14,3
4535,5,1
4536,6,5
4537,17,1
4538,15,7
4539,22,7
4540,12,5
4541,2,5
4542,7,2
4543,20,3
4544,7,3
4545,18,4
4546,19,3
4547,19,3
4548,18,4
4549,23,7
4550,17,6
4551,17,6
4552,13,6
4553,14,2
4554,14,2
4555,13,5
4556,16,3
4557,16,4
4558,13,6
4559,17,5
4560,11,3
4561,17,6
4562,8,6
4563,6,7
4564,19,7
4565,21,1
4566,21,1
4567,22,2
4568,9,1
4569,16,7
4570,16,4
4571,16,4
4572,12,7
4573,17,3
4574,20,5
4575,20,5
4576,11,3
4577,10,4
4578,16,6
4579,17,6
4580,14,1
4581,8,2
4582,18,5
4583,18,5
4584,3,5
4585,11,6
4586,21,1
4587,7,1
4588,11,1
4589,15,6
4590,8,4
4591,8,4
4592,14,5
4593,9,6
4594,15,6
4595,11,6
4596,14,3
4597,14,3
4598,15,7
4599,15,7
4600,12,6
4601,14,7
4602,15,4
4603,12,1
4604,14,6
4605,11,1
4606,18,7
4607,18,7
4608,14,6
4609,19,1
4610,13,3
4611,10,5
4612,17,4
4613,15,1
4614,15,7
4615,14,3
4616,11,4
4617,11,6
4618,16,6
4619,14,6
4620,17,5
4621,11,5
4622,11,5
4623,12,7
4624,12,7
4625,14,3
4626,14,3
4627,6,4
4628,7,5
4629,15,2
4630,12,1
4631,13,6
4632,15,3
4633,13,5
4634,8,7
4635,15,1
4636,15,1
4637,13,7
4638,13,7
4639,15,6
4640,23,4
4641,10,2
4642,21,3
4643,20,6
4644,12,5
4645,12,5
4646,11,1
4647,15,2
4648,7,4
4649,11,4
4650,11,4
4651,11,4
4652,14,5
4653,6,5
4654,15,3
4655,10,7
4656,16,3
4657,12,1
4658,13,2
4659,13,2
4660,14,2
4661,14,2
4662,12,3
4663,11,3
4664,7,3
4665,14,4
4666,10,1
4667,19,5
4668,19,5
4669,21,5
4670,18,5
4671,18,5
4672,1,6
4673,23,6
4674,23,6
4675,21,6
4676,11,5
4677,12,1
4678,5,5
4679,14,5
4680,21,5
4681,14,1
4682,12,1
4683,9,2
4684,11,1
4685,2,1
4686,10,5
4687,6,3
4688,8,7
4689,16,4
4690,17,4
4691,7,4
4692,3,3
4693,21,3
4694,23,6
4695,16,3
4696,14,7
4697,13,2
4698,13,5
4699,13,5
4700,8,3
4701,15,1
4702,17,6
4703,11,4
4704,17,4
4705,13,6
4706,9,4
4707,9,4
4708,16,7
4709,13,5
4710,13,5
4711,18,3
4712,17,3
4713,12,4
4714,12,4
4715,14,3
4716,5,1
4717,18,7
4718,0,7
4719,0,7
4720,0,7
4721,19,1
4722,8,6
4723,5,3
4724,20,3
4725,18,4
4726,1,6
4727,12,5
4728,12,5
4729,10,2
4730,13,6
4731,16,3
4732,13,6
4733,11,6
4734,15,4
4735,13,1
4736,16,5
4737,6,7
4738,11,3
4739,13,3
4740,13,3
4741,12,3
4742,14,1
4743,19,7
4744,23,4
4745,17,2
4746,9,1
4747,12,7
4748,10,4
4749,8,2
4750,8,6
4751,8,6
4752,8,6
4753,14,2
4754,14,2
4755,13,3
4756,13,3
4757,7,1
4758,19,6
4759,19,6
4760,15,1
4761,15,1
4762,18,7
4763,18,7
4764,13,2
4765,15,6
4766,13,2
4767,14,5
4768,9,6
4769,17,6
4770,17,2
4771,13,5
4772,12,6
4773,14,7
4774,7,6
4775,16,5
4776,19,1
4777,16,5
4778,9,2
4779,2,6
4780,14,6
4781,8,6
4782,8,6
4783,17,1
4784,11,1
4785,15,6
4786,18,6
4787,17,2
4788,7,6
4789,7,6
4790,15,1
4791,13,5
4792,16,7
4793,22,6
4794,17,1
4795,6,6
4796,14,3
4797,14,3
4798,21,5
4799,20,1
4800,4,1
4801,10,1
4802,21,1
4803,18,7
4804,15,1
4805,13,7
4806,17,5
4807,15,2
4808,16,4
4809,16,4
4810,12,6
4811,10,3
4812,15,3
4813,22,6
4814,22,6
4815,3,3
4816,3,3
4817,23,4
4818,23,4
4819,10,2
4820,10,7
4821,15,2
4822,18,7
4823,11,1
4824,15,2
4825,14,1
4826,12,7
